Product name,Original Price,Discount,Price After Discount,Ratings
"realme P2 Pro 5G (Parrot Green, 128 GB)  (8 GB RAM)","₹25,999",15% off,"₹21,999",4.5
"realme 12x 5G (Coral Red, 128 GB)  (8 GB RAM)","₹18,999",28% off,"₹13,499",4.5
"realme 12x 5G (Woodland Green, 128 GB)  (8 GB RAM)","₹18,999",28% off,"₹13,499",4.5
"realme 12x 5G (Twilight Purple, 128 GB)  (8 GB RAM)","₹18,999",28% off,"₹13,499",4.5
"realme 12x 5G (Woodland Green, 128 GB)  (6 GB RAM)","₹17,999",30% off,"₹12,499",4.4
"realme 12x 5G (Twilight Purple, 128 GB)  (6 GB RAM)","₹17,999",30% off,"₹12,499",4.4
"realme P1 5G (Feather Blue, 128 GB)  (6 GB RAM)","₹20,999",33% off,"₹13,999",4.4
"realme P1 5G (Feather Blue, 256 GB)  (8 GB RAM)","₹22,999",17% off,"₹18,999",4.4
"realme P1 5G (Peacock Green, 128 GB)  (8 GB RAM)","₹21,999",31% off,"₹14,999",4.4
"realme P1 5G (Feather Blue, 128 GB)  (8 GB RAM)","₹21,999",31% off,"₹14,999",4.4
"realme C63 (Jade Green, 64 GB)  (4 GB RAM)","₹9,999",15% off,"₹8,499",4.3
"realme P1 5G (Phoenix Red, 128 GB)  (6 GB RAM)","₹20,999",33% off,"₹13,999",4.4
"realme P1 5G (Phoenix Red, 128 GB)  (8 GB RAM)","₹21,999",31% off,"₹14,999",4.4
"realme P1 5G (Peacock Green, 128 GB)  (6 GB RAM)","₹20,999",33% off,"₹13,999",4.4
"realme P1 5G (Phoenix Red, 256 GB)  (8 GB RAM)","₹22,999",17% off,"₹18,999",4.4
"realme P1 5G (Peacock Green, 256 GB)  (8 GB RAM)","₹22,999",17% off,"₹18,999",4.4
"realme C63 (Jade Green, 128 GB)  (4 GB RAM)","₹10,999",18% off,"₹8,999",4.3
"realme C61 (Safari Green, 128 GB)  (6 GB RAM)","₹10,999",18% off,"₹8,999",4.4
"realme Narzo N61 (Marble Black, 64 GB)  (4 GB RAM)","₹8,999",20% off,"₹7,130",4.3
"realme Narzo N61 (Voyage Blue, 64 GB)  (4 GB RAM)","₹8,999",11% off,"₹7,969",4.3
"realme C67 5G (Dark Purple, 128 GB)  (6 GB RAM)","₹17,999",41% off,"₹10,499",4.3
"realme C63 5G Charger in the Box (Forest Green, 128 GB)  (6 GB RAM)","₹13,999",14% off,"₹11,999",4.5
"realme C67 5G (Sunny Oasis, 128 GB)  (6 GB RAM)","₹17,999",41% off,"₹10,499",4.3
"realme C67 5G (Dark Purple, 128 GB)  (4 GB RAM)","₹16,999",42% off,"₹9,799",4.4
"realme C61 (Safari Green, 64 GB)  (4 GB RAM)","₹8,999",14% off,"₹7,699",4.3
"realme C61 (Marble Black, 128 GB)  (6 GB RAM)","₹10,999",18% off,"₹8,999",4.4
"realme P2 Pro 5G (Eagle Grey, 128 GB)  (8 GB RAM)","₹25,999",15% off,"₹21,999",4.5
"realme 12 Pro 5G (Navigator Beige, 256 GB)  (8 GB RAM)","₹31,999",25% off,"₹23,999",4.4
"realme C63 5G Charger in the Box (Starry Gold, 128 GB)  (6 GB RAM)","₹13,999",14% off,"₹11,999",4.5
"realme C63 (Leather Blue, 128 GB)  (4 GB RAM)","₹10,999",18% off,"₹8,999",4.3
"realme 12 Pro 5G (Submarine Blue, 256 GB)  (8 GB RAM)","₹31,999",25% off,"₹23,999",4.4
"realme 12 Pro 5G (Navigator Beige, 128 GB)  (8 GB RAM)","₹29,999",23% off,"₹22,999",4.4
"realme C63 5G Charger in the Box (Forest Green, 128 GB)  (8 GB RAM)","₹14,999",13% off,"₹12,999",4.4
"realme 12x 5G (Coral Red, 128 GB)  (6 GB RAM)","₹17,999",30% off,"₹12,499",4.4
"realme Narzo N61 (Voyage Blue, 64 GB)  (4 GB RAM)","₹8,597",15% off,"₹7,290",4.3
"realme 12x 5G (Twilight Purple, 128 GB)  (4 GB RAM)","₹16,999",29% off,"₹11,999",4.1
"realme 13 Pro+ 5G (Monet Purple, 512 GB)  (12 GB RAM)","₹40,999",9% off,"₹36,999",4.5
"realme 13 Pro+ 5G (Monet Purple, 256 GB)  (12 GB RAM)","₹38,999",10% off,"₹34,999",4.5
"realme Narzo N61 (Voyage Blue, 128 GB)  (6 GB RAM)","₹10,999",23% off,"₹8,419",4.1
"realme 13 Pro+ 5G (Monet Purple, 256 GB)  (8 GB RAM)","₹36,999",10% off,"₹32,999",4.5
"realme Narzo N61 (Marble Black, 128 GB)  (6 GB RAM)","₹9,510",12% off,"₹8,290",4.1
"realme NARZO 70X 5G (ICE BLUE, 128 GB)  (6 GB RAM)","₹17,999",33% off,"₹11,948",4.3
"realme P2 Pro 5G (Parrot Green, 256 GB)  (12 GB RAM)","₹27,999",10% off,"₹24,999",4.5
"realme P2 Pro 5G (Eagle Grey, 512 GB)  (12 GB RAM)","₹30,999",9% off,"₹27,999",4.5
"realme P2 Pro 5G (Parrot Green, 128 GB)  (8 GB RAM)","₹25,999",15% off,"₹21,999",4.5
"realme P2 Pro 5G (Eagle Grey, 256 GB)  (12 GB RAM)","₹27,999",10% off,"₹24,999",4.5
"realme C63 5G Charger in the Box (Starry Gold, 128 GB)  (4 GB RAM)","₹12,999",15% off,"₹10,999",4.4
"realme P2 Pro 5G (Parrot Green, 512 GB)  (12 GB RAM)","₹30,999",9% off,"₹27,999",4.5
"realme 12 Pro 5G (Submarine Blue, 256 GB)  (12 GB RAM)","₹33,999",26% off,"₹24,999",4.4
"realme 12 Pro 5G (Navigator Beige, 256 GB)  (12 GB RAM)","₹33,999",26% off,"₹24,999",4.4
"realme P2 Pro 5G (Eagle Grey, 128 GB)  (8 GB RAM)","₹25,999",15% off,"₹21,999",4.5
"realme NARZO 70X 5G (Ice Blue, 128 GB)  (8 GB RAM)","₹18,999",31% off,"₹12,950",4.2
"realme P1 Pro 5G (Parrot Blue, 128 GB)  (8 GB RAM)","₹24,999",20% off,"₹19,999",4.4
"realme P1 Pro 5G (Phoenix Red, 128 GB)  (8 GB RAM)","₹24,999",20% off,"₹19,999",4.4
"realme P1 Pro 5G (Phoenix Red, 256 GB)  (12 GB RAM)","₹26,999",22% off,"₹20,999",4.4
"realme NARZO 70X 5G (Forest Green, 128 GB)  (8 GB RAM)","₹18,966",31% off,"₹12,944",4.2
"realme 13 Pro+ 5G (Monet Gold, 256 GB)  (12 GB RAM)","₹38,999",10% off,"₹34,999",4.5
"realme NARZO 70X 5G (FOREST GREEN, 128 GB)  (6 GB RAM)","₹17,999",22% off,"₹13,973",4.3
"realme NARZO 70X 5G (ICE BLUE, 128 GB)  (6 GB RAM)","₹17,900",33% off,"₹11,948",4.3
"realme C63 (Leather Blue, 64 GB)  (4 GB RAM)","₹9,999",15% off,"₹8,499",4.3
"realme C63 5G Charger in the Box (Starry Gold, 128 GB)  (8 GB RAM)","₹14,999",13% off,"₹12,999",4.4
"realme narzo 70 5G (Ice Blue, 128 GB)  (6 GB RAM)","₹19,999",20% off,"₹15,999",4.3
"realme NARZO 70X 5G (ICE BLUE, 128 GB)  (4 GB RAM)","₹16,999",35% off,"₹10,899",4.2
"realme narzo 70 5G (Forest Green, 128 GB)  (6 GB RAM)","₹19,999",15% off,"₹16,899",4.3
"realme Narzo N63 4G (Leather Blue, 128 GB)  (4 GB RAM)","₹10,999",18% off,"₹8,999",4.1
"realme 12 Pro+ 5G (Navigator Beige, 256 GB)  (12 GB RAM)","₹37,999",28% off,"₹26,999",4.4
"realme P1 Pro 5G (Parrot Blue, 256 GB)  (12 GB RAM)","₹26,999",22% off,"₹20,999",4.4
"realme P1 Pro 5G (Parrot Blue, 256 GB)  (8 GB RAM)","₹25,999",19% off,"₹20,999",4.4
"realme P1 Pro 5G (Phoenix Red, 256 GB)  (8 GB RAM)","₹25,999",19% off,"₹20,999",4.4
"realme 13 Pro+ 5G (Monet Gold, 256 GB)  (8 GB RAM)","₹36,999",10% off,"₹32,999",4.5
"realme 13 Pro+ 5G (Monet Gold, 512 GB)  (12 GB RAM)","₹40,999",9% off,"₹36,999",4.5
"realme 13 Pro+ 5G (Emerald Green, 256 GB)  (12 GB RAM)","₹38,999",10% off,"₹34,999",4.5
"realme 13 Pro+ 5G (Emerald Green, 512 GB)  (12 GB RAM)","₹40,999",9% off,"₹36,999",4.5
"realme 13 Pro+ 5G (Emerald Green, 256 GB)  (8 GB RAM)","₹36,999",10% off,"₹32,999",4.5
"realme C65 5G (Glowing Black, 128 GB)  (4 GB RAM)","₹14,999",30% off,"₹10,499",4.2
"realme C65 5G (Feather Green, 128 GB)  (4 GB RAM)","₹14,999",28% off,"₹10,748",4.2
"realme P2 Pro 5G (Eagle Grey, 128 GB)  (8 GB RAM)","₹25,999",15% off,"₹21,999",4.5
"realme NARZO 70X 5G (FOREST GREEN, 128 GB)  (4 GB RAM)","₹16,999",35% off,"₹10,989",4.2
"realme NARZO 70 5G (FOREST GREEN, 128 GB)  (8 GB RAM)","₹20,999",26% off,"₹15,499",4.3
"realme Narzo N63 4G (Twilight Purple, 128 GB)  (4 GB RAM)","₹10,999",9% off,"₹9,989",4.1
"realme 12 Pro+ 5G (Explorer Red, 256 GB)  (12 GB RAM)","₹37,999",28% off,"₹26,999",4.4
"realme 12 Pro+ 5G (Submarine Blue, 256 GB)  (12 GB RAM)","₹37,999",28% off,"₹26,999",4.4
"realme GT 6 (Fluid Silver, 512 GB)  (16 GB RAM)","₹51,999",13% off,"₹44,999",4.5
"realme 12 Pro+ 5G (Submarine Blue, 256 GB)  (8 GB RAM)","₹35,999",27% off,"₹25,999",4.4
"realme 12 Pro+ 5G (Navigator Beige, 256 GB)  (8 GB RAM)","₹35,999",27% off,"₹25,999",4.4
"realme 12 Pro+ 5G (Explorer Red, 256 GB)  (8 GB RAM)","₹35,999",27% off,"₹25,999",4.4
"realme 12 Pro+ 5G (Submarine Blue, 128 GB)  (8 GB RAM)","₹34,999",14% off,"₹29,999",4.4
"realme C53 (Champion Gold, 128 GB)  (6 GB RAM)","₹13,999",40% off,"₹8,399",4.4
"realme C53 (Champion Black, 128 GB)  (6 GB RAM)","₹13,999",40% off,"₹8,399",4.4
"realme 13 Pro 5G (Monet Gold, 256 GB)  (8 GB RAM)","₹30,999",6% off,"₹28,999",4.4
"realme C53 (Champion Black, 128 GB)  (4 GB RAM)","₹11,999",8% off,"₹10,990",4.1
"realme 12+ 5G (Pioneer Green, 256 GB)  (8 GB RAM)","₹25,999",15% off,"₹21,999",4.3
"realme 12+ 5G (Navigator Beige, 256 GB)  (8 GB RAM)","₹25,999",15% off,"₹21,999",4.3
"realme 12+ 5G (Navigator Beige, 128 GB)  (8 GB RAM)","₹23,999",12% off,"₹20,999",4.3
"realme 12+ 5G (Pioneer Green, 128 GB)  (8 GB RAM)","₹23,999",12% off,"₹20,999",4.3
"realme C65 5G (Speedy Red, 128 GB)  (6 GB RAM)","₹15,999",26% off,"₹11,749",4.4
"realme P2 Pro 5G (Eagle Grey, 128 GB)  (8 GB RAM)","₹25,999",15% off,"₹21,999",4.5
"realme GT 6 (Razor Green, 512 GB)  (16 GB RAM)","₹51,999",13% off,"₹44,999",4.5
"realme GT 6 (Fluid Silver, 256 GB)  (8 GB RAM)","₹43,999",6% off,"₹40,999",4.5
"realme 13 Pro 5G (Emerald Green, 256 GB)  (8 GB RAM)","₹30,999",6% off,"₹28,999",4.4
"realme 13 Pro 5G (Monet Gold, 512 GB)  (12 GB RAM)","₹34,999",8% off,"₹31,999",4.3
"realme C65 5G (Feather Green, 128 GB)  (8 GB RAM)","₹13,999",3% off,"₹13,499",4.4
"realme 70 TURBO 5G (Turbo Purple, 128 GB)  (8 GB RAM)","₹20,999",16% off,"₹17,563",4.3
"realme GT 5G (Dashing Blue, 128 GB)  (8 GB RAM)","₹40,999",53% off,"₹18,899",4.2
"realme 70 TURBO 5G (Turbo Yellow, 128 GB)  (6 GB RAM)","₹19,999",17% off,"₹16,513",4.4
"realme 13 Pro 5G (Monet Purple, 512 GB)  (12 GB RAM)","₹34,999",8% off,"₹31,999",4.3
"realme GT 6 (Razor Green, 256 GB)  (12 GB RAM)","₹46,999",8% off,"₹42,999",4.4
"realme 13 Pro 5G (Monet Purple, 128 GB)  (8 GB RAM)","₹28,999",6% off,"₹26,999",4.4
"realme 13 Pro 5G (Emerald Green, 128 GB)  (8 GB RAM)","₹28,999",6% off,"₹26,999",4.4
"realme 13 Pro 5G (Monet Gold, 128 GB)  (8 GB RAM)","₹28,999",6% off,"₹26,999",4.4
"realme 13 Pro 5G (Monet Purple, 256 GB)  (8 GB RAM)","₹30,999",6% off,"₹28,999",4.4
"realme NARZO N63 (Leather Blue, 64 GB)  (4 GB RAM)","₹9,999",18% off,"₹8,130",4.3
"realme 13+ 5G (Dark Purple, 256 GB)  (8 GB RAM)","₹27,999",10% off,"₹24,999",4.4
"realme 13+ 5G (Speed Green, 256 GB)  (8 GB RAM)","₹27,999",10% off,"₹24,999",4.4
"realme 13+ 5G (Dark Purple, 128 GB)  (8 GB RAM)","₹25,999",11% off,"₹22,999",4.4
"realme C65 5G (Speedy Red, 128 GB)  (8 GB RAM)","₹13,999",7% off,"₹12,999",4.4
"realme 13+ 5G (Victory Gold, 256 GB)  (8 GB RAM)","₹27,999",10% off,"₹24,999",4.4
"realme C65 5G (Glowing Black, 128 GB)  (8 GB RAM)","₹13,999",3% off,"₹13,499",4.4
"realme 13+ 5G (Victory Gold, 128 GB)  (8 GB RAM)","₹25,999",11% off,"₹22,999",4.4
"realme 70 TURBO 5G (Turbo Purple, 128 GB)  (6 GB RAM)","₹19,999",18% off,"₹16,294",4.4
"realme P2 Pro 5G (Parrot Green, 128 GB)  (8 GB RAM)","₹25,999",15% off,"₹21,999",4.5
"realme 70 TURBO 5G (Turbo Yellow, 128 GB)  (8 GB RAM)","₹20,999",17% off,"₹17,276",4.3
"realme Narzo N65 5G (Amber Gold, 128 GB)  (6 GB RAM)","₹14,999",23% off,"₹11,488",4.3
"realme NARZO N65 5G (AMBER GOLD, 128 GB)  (6 GB RAM)","₹14,999",24% off,"₹11,335",4.3
"realme Narzo N65 5G (Amber Gold, 128 GB)  (4 GB RAM)","₹13,999",20% off,"₹11,185",4.3
"realme 70 TURBO 5G (Turbo Green, 128 GB)  (8 GB RAM)","₹20,999",18% off,"₹17,137",4.3
"realme Narzo N63 4G (Twilight Purple, 64 GB)  (4 GB RAM)","₹9,999",21% off,"₹7,812",4.1
"realme NARZO N65 5G (AMBER GOLD, 128 GB)  (4 GB RAM)","₹13,999",19% off,"₹11,273",4.3
"realme NARZO N65 5G (DEEP GREEN, 128 GB)  (4 GB RAM)","₹13,999",10% off,"₹12,490",4.3
"realme C65 5G (Feather Green, 64 GB)  (4 GB RAM)","₹13,999",25% off,"₹10,499",4.2
"realme GT 5G (Dashing Silver, 128 GB)  (8 GB RAM)","₹40,999",53% off,"₹18,999",4.2
"realme Narzo N65 5G (Deep Green, 128 GB)  (4 GB RAM)","₹13,999",17% off,"₹11,580",4.3
"realme Narzo N63 4G (Twilight Purple, 128 GB)  (4 GB RAM)","₹10,999",18% off,"₹8,998",4.1
"realme 13+ 5G (Victory Gold, 256 GB)  (12 GB RAM)","₹29,999",10% off,"₹26,999",4.3
"realme NARZO N65 5G (DEEP GREEN, 128 GB)  (6 GB RAM)","₹14,999",24% off,"₹11,388",4.3
"realme NARZO 70 5G (ICE BLUE, 128 GB)  (8 GB RAM)","₹20,999",31% off,"₹14,432",4.3
"realme 13+ 5G (Speed Green, 128 GB)  (8 GB RAM)","₹25,999",11% off,"₹22,999",4.4
"realme GT 6 (Fluid Silver, 256 GB)  (12 GB RAM)","₹46,999",8% off,"₹42,999",4.4
"realme C53 (Champion Black, 64 GB)  (6 GB RAM)","₹12,999",40% off,"₹7,699",4.4
"realme 70 TURBO 5G (Turbo Yellow, 256 GB)  (12 GB RAM)","₹23,999",12% off,"₹20,948",3.6
"realme GT 6T 5G (Razor Green, 256 GB)  (12 GB RAM)","₹37,999",15% off,"₹32,178",4.6
"realme GT 6T 5G (Miracle Purple, 256 GB)  (12 GB RAM)","₹37,999",13% off,"₹32,894",4.6
"realme GT 6T 5G (Fluid Silver, 256 GB)  (8 GB RAM)","₹35,999",18% off,"₹29,471",4.5
"realme GT 6T 5G (Fluid Silver, 512 GB)  (12 GB RAM)","₹41,999",10% off,"₹37,574",4.6
"realme GT 6T 5G (Fluid Silver, 256 GB)  (8 GB RAM)","₹35,999",18% off,"₹29,471",4.5
"realme GT 6T 5G (Razor Green, 256 GB)  (8 GB RAM)","₹35,999",20% off,"₹28,701",4.5
"realme P2 Pro 5G (Eagle Grey, 128 GB)  (8 GB RAM)","₹25,999",15% off,"₹21,999",4.5
"realme Narzo N65 5G (Deep Green, 128 GB)  (6 GB RAM)","₹14,999",21% off,"₹11,791",4.3
"realme C65 5G (Feather Green, 128 GB)  (6 GB RAM)","₹15,999",26% off,"₹11,749",4.4
"realme C65 5G (Glowing Black, 128 GB)  (6 GB RAM)","₹15,999",26% off,"₹11,748",4.4
"realme C11 2021 (Cool Blue, 32 GB)  (2 GB RAM)","₹7,999",33% off,"₹5,299",4.4
"realme 13 Pro 5G (Emerald Green, 512 GB)  (12 GB RAM)","₹34,999",8% off,"₹31,999",4.3
"realme GT 6T 5G (Miracle Purple, 256 GB)  (8 GB RAM)","₹35,999",18% off,"₹29,497",4.5
"realme GT 6T 5G (Razor Green, 512 GB)  (12 GB RAM)","₹41,999",10% off,"₹37,498",4.6
"realme 9i 5G (Rocking Black, 64 GB)  (4 GB RAM)","₹17,999",41% off,"₹10,499",4.4
"realme 9i 5G (Metallica Gold, 128 GB)  (6 GB RAM)","₹19,999",40% off,"₹11,899",4.3
"realme 12 5G (Woodland Green, 128 GB)  (6 GB RAM)","₹19,999",15% off,"₹16,999",4.4
"realme 12 5G (Woodland Green, 128 GB)  (8 GB RAM)","₹20,999",14% off,"₹17,999",4.3
"realme GT 6T 5G (Fluid Silver, 256 GB)  (12 GB RAM)","₹37,999",13% off,"₹32,811",4.6
"realme 13 5G (Dark Purple, 256 GB)  (8 GB RAM)","₹22,999",13% off,"₹19,999",4.3
"realme C55 (Rainy Night, 128 GB)  (8 GB RAM)","₹15,999",38% off,"₹9,799",4.4
"realme 13 5G (Dark Purple, 128 GB)  (8 GB RAM)","₹21,999",18% off,"₹17,999",4.3
"realme 13 5G (Speed Green, 128 GB)  (8 GB RAM)","₹21,999",18% off,"₹17,999",4.3
"realme C55 (Sunshower, 64 GB)  (4 GB RAM)","₹12,999",40% off,"₹7,699",4.4
"realme Narzo 50A (Oxygen Green, 128 GB)  (4 GB RAM)","₹13,999",28% off,"₹9,999",4.4
"realme Narzo 60x 5G (Stellar Green, 128 GB)  (4 GB RAM)","₹14,999",20% off,"₹11,990",4.3
"realme Narzo N53 (Feather Gold, 128 GB)  (6 GB RAM)","₹12,999",3% off,"₹12,499",4.2
"realme Narzo N53 (Feather Gold, 64 GB)  (4 GB RAM)","₹10,998",13% off,"₹9,499",4.2
"realme 9i 5G (Soulful Blue, 64 GB)  (4 GB RAM)","₹17,999",41% off,"₹10,499",4.4
"realme Narzo N53 (Feather Black, 64 GB)  (4 GB RAM)","₹10,999",18% off,"₹8,999",4.2
"realme P2 Pro 5G (Eagle Grey, 128 GB)  (8 GB RAM)","₹25,999",15% off,"₹21,999",4.5
"realme Narzo 50A (Oxygen Blue, 64 GB)  (4 GB RAM)","₹12,990",7% off,"₹11,990",4.4
"realme Narzo N55 (Prime Blue, 64 GB)  (4 GB RAM)","₹12,999",15% off,"₹10,997",4.3
"realme Narzo N53 (Feather Black, 128 GB)  (6 GB RAM)","₹12,999",N/A,"₹12,997",4.2
"realme C30s (Stripe Black, 64 GB)  (4 GB RAM)","₹11,999",33% off,"₹7,999",4.2
"realme 12 5G (Twilight Purple, 128 GB)  (8 GB RAM)","₹20,999",14% off,"₹17,999",4.3
"realme GT 6T 5G (Fluid Silver, 256 GB)  (8 GB RAM)","₹35,999",18% off,"₹29,470",4.5
"realme C35 (Glowing Black, 128 GB)  (4 GB RAM)","₹14,999",33% off,"₹9,990",4.4
"realme Narzo N65 5G (Deep Green, 128 GB)  (8 GB RAM)","₹15,999",15% off,"₹13,444",4.1
"realme 10 Pro+ 5G (Hyperspace, 128 GB)  (6 GB RAM)","₹25,999",23% off,"₹19,849",4.4
"realme 11 5G (Glory Black, 128 GB)  (8 GB RAM)","₹20,999",36% off,"₹13,299",4.3
"realme 70 TURBO 5G (Turbo Green, 128 GB)  (6 GB RAM)","₹19,999",17% off,"₹16,436",4.4
"realme 9i 5G (Metallica Gold, 64 GB)  (4 GB RAM)","₹17,999",41% off,"₹10,499",4.4
"realme 11x 5G (Purple Dawn, 128 GB)  (6 GB RAM)","₹16,999",38% off,"₹10,499",4.4
"realme Narzo 50A (Oxygen Green, 64 GB)  (4 GB RAM)","₹12,999",34% off,"₹8,490",4.4
"realme C35 (Glowing Black, 128 GB)  (6 GB RAM)","₹15,999",25% off,"₹11,999",4.3
"realme 10 Pro+ 5G (Dark Matter, 128 GB)  (6 GB RAM)","₹26,249",12% off,"₹22,999",4.4
"realme C35 (Glowing Black, 64 GB)  (4 GB RAM)","₹13,999",28% off,"₹9,999",4.4
"realme C35 (Glowing Green, 128 GB)  (6 GB RAM)","₹15,999",28% off,"₹11,480",4.3
"realme 11x 5G (Purple Dawn, 128 GB)  (8 GB RAM)","₹18,999",41% off,"₹11,199",4.3
"realme C51 (Carbon Black, 64 GB)  (4 GB RAM)","₹10,999",42% off,"₹6,299",4.3
"realme Narzo 70 Pro 5G (Glass Gold, 256 GB)  (8 GB RAM)","₹26,999",7% off,"₹24,980",4.3
"realme C55 (Rainforest, 64 GB)  (6 GB RAM)","₹13,999",28% off,"₹9,999",4.3
"realme Narzo N53 (Feather Black, 128 GB)  (8 GB RAM)","₹13,999",14% off,"₹11,990",4.2
"realme Narzo N55 (Prime Black, 64 GB)  (4 GB RAM)","₹12,999",16% off,"₹10,790",4.3
"realme 10 Pro 5G (Dark Matter, 128 GB)  (6 GB RAM)","₹20,999",9% off,"₹18,999",4.3
"realme P2 Pro 5G (Eagle Grey, 128 GB)  (8 GB RAM)","₹25,999",15% off,"₹21,999",4.5
"realme C51 (Mint Green, 64 GB)  (4 GB RAM)","₹10,999",42% off,"₹6,299",4.3
"realme C51 (Mint Green, 128 GB)  (4 GB RAM)","₹11,999",44% off,"₹6,699",4.3
"realme 5 (Crystal Blue, 32 GB)  (3 GB RAM)",N/A,62% off,"₹10,999",4.5
"realme Narzo 60 5G (Mars Orange, 128 GB)  (8 GB RAM)","₹19,999",8% off,"₹18,399",4.3
"realme X7 Pro 5G (Fantasy, 128 GB)  (8 GB RAM)","₹32,999",36% off,"₹20,999",4.2
"realme 6i (Lunar White, 64 GB)  (4 GB RAM)",N/A,55% off,"₹14,999",4.4
"realme 6i (Eclipse Black, 64 GB)  (6 GB RAM)",N/A,30% off,"₹15,999",4.4
"realme 5 (Crystal Purple, 64 GB)  (4 GB RAM)",N/A,62% off,"₹11,999",4.4
"realme 12x 5G (Woodland Green, 128 GB)  (4 GB RAM)","₹16,999",29% off,"₹11,999",4.1
"realme C25s (Watery Blue, 64 GB)  (4 GB RAM)","₹10,999",9% off,"₹9,999",4.4
"realme 11 5G (Glory Gold, 256 GB)  (8 GB RAM)","₹22,999",13% off,"₹19,790",4.3
"realme 11 5G (Glory Black, 256 GB)  (8 GB RAM)","₹22,999",39% off,"₹13,999",4.3
"realme Narzo 50 (Speed Black, 64 GB)  (4 GB RAM)","₹15,999",34% off,"₹10,499",4.4
"realme Narzo 50 (Speed Black, 128 GB)  (6 GB RAM)","₹17,499",25% off,"₹12,990",4.3
"realme NARZO 50A PRIME (FLASH BLUE, 64 GB)  (4 GB RAM)","₹13,499",14% off,"₹11,490",4.1
"realme 6 Pro (Lightning Orange, 64 GB)  (6 GB RAM)","₹19,999",30% off,"₹13,990",4.4
"realme GT Neo 3T (Dash Yellow, 128 GB)  (6 GB RAM)","₹34,999",40% off,"₹20,999",4.3
"realme GT Neo 3T (Drifting White, 128 GB)  (6 GB RAM)","₹34,999",40% off,"₹20,999",4.3
"realme GT Neo 3T (Shade Black, 128 GB)  (6 GB RAM)","₹34,999",40% off,"₹20,999",4.3
"realme P2 Pro 5G (Eagle Grey, 128 GB)  (8 GB RAM)","₹25,999",15% off,"₹21,999",4.5
"realme C21Y (Cross Black, 64 GB)  (4 GB RAM)","₹10,999",28% off,"₹7,819",4.5
"realme 10 Pro 5G (Nebula Blue, 128 GB)  (6 GB RAM)","₹21,999",13% off,"₹18,993",4.3
"realme C25s (Watery Grey, 128 GB)  (4 GB RAM)","₹11,999",16% off,"₹9,999",4.4
"realme 9 5G (Meteor Black, 64 GB)  (4 GB RAM)","₹18,999",34% off,"₹12,489",4.5
"realme C25_Y (Glacier Blue, 64 GB)  (4 GB RAM)","₹12,999",26% off,"₹9,490",4.5
"realme C25_Y (Metal Grey, 64 GB)  (4 GB RAM)","₹12,999",32% off,"₹8,800",4.5
"realme C25_Y (Metal Grey, 128 GB)  (4 GB RAM)","₹13,999",41% off,"₹8,200",4.5
"realme 9 5G (Stargaze White, 64 GB)  (4 GB RAM)","₹18,999",26% off,"₹13,999",4.5
"realme Narzo 60X 5G (Nebula Purple, 128 GB)  (4 GB RAM)","₹14,586",11% off,"₹12,923",4.3
"realme 9 5G (Supersonic Blue, 64 GB)  (4 GB RAM)","₹18,999",26% off,"₹13,999",4.5
"realme 11x 5G (Midnight Black, 128 GB)  (8 GB RAM)","₹18,999",41% off,"₹11,199",4.3
"realme 9 5G (Stargaze White, 128 GB)  (6 GB RAM)","₹20,999",24% off,"₹15,900",4.4
"realme Narzo 60X 5G (Nebula Purple, 128 GB)  (6 GB RAM)","₹15,999",6% off,"₹14,999",4.3
"realme 10 Pro 5G (Nebula Blue, 128 GB)  (8 GB RAM)","₹22,999",13% off,"₹19,990",4.3
"realme 10 Pro 5G (Hyperspace, 128 GB)  (8 GB RAM)","₹25,999",23% off,"₹19,998",4.3
"realme Narzo 50i (Mint Green, 32 GB)  (2 GB RAM)","₹7,999",6% off,"₹7,499",4.5
"realme 10 (Clash White, 64 GB)  (4 GB RAM)","₹15,999",23% off,"₹12,290",4.2
"realme 8s 5G (Universe Purple, 128 GB)  (6 GB RAM)","₹20,999",14% off,"₹17,999",4.4
"realme C35 (Glowing Green, 128 GB)  (4 GB RAM)","₹14,999",26% off,"₹10,969",4.4
"realme C35 (Glowing Green, 64 GB)  (4 GB RAM)","₹13,999",24% off,"₹10,599",4.4
"realme C25Y (Metal Grey, 128 GB)  (4 GB RAM)","₹13,999",32% off,"₹9,480",4.4
"realme 10 Pro+ 5G (Hyperspace, 128 GB)  (8 GB RAM)","₹27,999",16% off,"₹23,490",4.4
"realme GT NEO 3 (150W) (Asphalt Black, 256 GB)  (12 GB RAM)","₹45,999",34% off,"₹30,099",4.3
"realme P2 Pro 5G (Eagle Grey, 128 GB)  (8 GB RAM)","₹25,999",15% off,"₹21,999",4.5
"realme GT Neo 3T (Drifting White, 256 GB)  (8 GB RAM)","₹38,999",38% off,"₹23,799",4.3
"realme 8 Pro (Infinite Black, 128 GB)  (6 GB RAM)","₹19,999",10% off,"₹17,999",4.4
"realme 8 Pro (Infinite Black, 128 GB)  (8 GB RAM)","₹21,999",9% off,"₹19,999",4.4
"realme C33 (Sandy Gold, 64 GB)  (4 GB RAM)","₹12,999",19% off,"₹10,490",4.4
"realme 10 Pro 5G (Dark Matter, 128 GB)  (8 GB RAM)","₹22,999",8% off,"₹20,990",4.3
"realme 9i (Prism Blue, 128 GB)  (4 GB RAM)","₹16,999",20% off,"₹13,499",4.5
"realme 9i (Prism Black, 128 GB)  (4 GB RAM)","₹16,999",29% off,"₹11,990",4.5
"realme Narzo 50 (Speed Blue, 64 GB)  (4 GB RAM)","₹15,999",25% off,"₹11,990",4.4
"realme 10 (Rush Black, 64 GB)  (4 GB RAM)","₹15,999",27% off,"₹11,632",4.2
"realme 8s 5G (Universe Blue, 128 GB)  (8 GB RAM)","₹22,999",23% off,"₹17,490",4.4
"realme C33 (Night Sea, 32 GB)  (3 GB RAM)","₹11,999",29% off,"₹8,490",4.4
"realme Narzo N55 (Prime Blue, 128 GB)  (6 GB RAM)","₹14,999",26% off,"₹10,990",4.3
"realme GT Neo 3 (Asphalt Black, 256 GB)  (8 GB RAM)","₹41,999",28% off,"₹29,990",4.2
"realme 10 Pro 5G (Hyperspace, 128 GB)  (6 GB RAM)","₹20,999",9% off,"₹18,999",4.3
"realme X7 Pro 5G (Mystic Black, 128 GB)  (8 GB RAM)","₹32,999",36% off,"₹20,999",4.2
"realme C31 (Dark Green, 32 GB)  (3 GB RAM)","₹10,999",22% off,"₹8,490",4.5
"realme C31 (Light Silver, 32 GB)  (3 GB RAM)","₹10,999",32% off,"₹7,388",4.5
"realme C25s (Watery Grey, 64 GB)  (4 GB RAM)","₹10,999",9% off,"₹9,999",4.4
"realme C31 (Light Silver, 64 GB)  (4 GB RAM)","₹11,999",29% off,"₹8,480",4.4
"realme C31 (Dark Green, 64 GB)  (4 GB RAM)","₹11,999",16% off,"₹9,980",4.4
"realme Narzo 50i (Carbon Black, 64 GB)  (4 GB RAM)","₹9,999",20% off,"₹7,990",4.3
"realme 10 (Clash White, 128 GB)  (8 GB RAM)","₹19,999",25% off,"₹14,990",4.3
"realme 11 Pro+ 5G (Oasis Green, 256 GB)  (8 GB RAM)","₹29,999",6% off,"₹27,998",4.4
"realme 8s 5G (Universe Blue, 128 GB)  (6 GB RAM)","₹20,999",21% off,"₹16,495",4.4
"realme Narzo 30 (Racing Blue, 128 GB)  (6 GB RAM)","₹16,999",32% off,"₹11,490",4.3
"realme P2 Pro 5G (Parrot Green, 128 GB)  (8 GB RAM)","₹25,999",15% off,"₹21,999",4.5
"realme C12 (Power Blue, 32 GB)  (3 GB RAM)","₹10,999",24% off,"₹8,349",4.4
"realme GT Neo 3T (Drifting White, 128 GB)  (8 GB RAM)","₹36,999",39% off,"₹22,399",4.3
"realme GT Neo 3T (Dash Yellow, 256 GB)  (8 GB RAM)","₹38,999",38% off,"₹23,799",4.3
"realme GT Neo 3T (Dash Yellow, 128 GB)  (8 GB RAM)","₹36,999",39% off,"₹22,399",4.3
"realme 9 Pro+ 5G (Midnight Black, 128 GB)  (8 GB RAM)","₹29,999",30% off,"₹20,999",4.4
"realme C30 (Lake Blue, 32 GB)  (2 GB RAM)","₹8,499",29% off,"₹5,999",4.2
"realme C21Y (Cross Blue, 64 GB)  (4 GB RAM)","₹10,999",22% off,"₹8,499",4.5
"realme C11 (Rich Green, 32 GB)  (2 GB RAM)",N/A,50% off,"₹8,999",4.4
"realme C12 (Power Silver, 32 GB)  (3 GB RAM)","₹10,999",13% off,"₹9,490",4.4
"realme C33 2023 (Night Sea, 128 GB)  (4 GB RAM)","₹13,832",20% off,"₹10,990",4.4
"realme GT Neo 3 (Asphalt Black, 128 GB)  (8 GB RAM)","₹38,999",38% off,"₹23,900",4.2
"realme 10 (Rush Black, 128 GB)  (8 GB RAM)","₹19,999",25% off,"₹14,990",4.3
"realme Narzo 50A Prime (Flash Blue, 128 GB)  (4 GB RAM)","₹14,999",13% off,"₹12,998",4.1
"realme Narzo 50A Prime (Flash Black, 64 GB)  (4 GB RAM)",N/A,10% off,"₹13,499",4.1
"realme 8i (Space Black, 64 GB)  (4 GB RAM)","₹15,999",28% off,"₹11,499",4.5
"realme 11 Pro 5G (Sunrise Beige, 128 GB)  (8 GB RAM)","₹25,999",3% off,"₹24,990",4.4
"realme 11 Pro 5G (Oasis Green, 128 GB)  (8 GB RAM)","₹25,999",3% off,"₹24,990",4.4
"realme C33 (Night Sea, 64 GB)  (4 GB RAM)","₹12,999",32% off,"₹8,790",4.4
"realme GT NEO 3 (150W) (Nitro Blue, 256 GB)  (12 GB RAM)","₹45,999",34% off,"₹30,099",4.3
"realme 9i (Prism Black, 64 GB)  (4 GB RAM)","₹15,999",37% off,"₹9,999",4.5
"realme X3 SuperZoom (Arctic White, 256 GB)  (8 GB RAM)","₹31,999",30% off,"₹22,399",4.3
"realme 5 Pro (Crystal Green, 64 GB)  (6 GB RAM)",N/A,30% off,"₹15,999",4.5
"realme 5 Pro (Sparkling Blue, 64 GB)  (6 GB RAM)",N/A,30% off,"₹15,999",4.5
"realme P2 Pro 5G (Parrot Green, 128 GB)  (8 GB RAM)","₹25,999",15% off,"₹21,999",4.5
"realme GT 2 (Steel Black, 128 GB)  (8 GB RAM)","₹39,999",32% off,"₹26,991",4.3
"realme C25 (Watery Grey, 64 GB)  (4 GB RAM)","₹10,999",21% off,"₹8,634",4.4
"realme 9i (Prism Black, 128 GB)  (6 GB RAM)","₹17,999",19% off,"₹14,490",4.5
"realme C11 (Rich Grey, 32 GB)  (2 GB RAM)","₹8,999",22% off,"₹6,999",4.4
"realme C33 2023 (Aqua Blue, 128 GB)  (4 GB RAM)","₹13,999",25% off,"₹10,490",4.4
"realme 9 Pro+ 5G (Sunrise Blue, 128 GB)  (8 GB RAM)","₹26,990",25% off,"₹19,990",4.4
"realme GT 2 (Paper Green, 128 GB)  (8 GB RAM)","₹39,999",37% off,"₹24,999",4.3
"realme C3 (Volcano Grey, 32 GB)  (3 GB RAM)",N/A,50% off,"₹8,999",4.4
"realme 9 Pro+ 5G (Aurora Green, 256 GB)  (8 GB RAM)","₹31,999",28% off,"₹22,999",4.4
"realme C33 (Aqua Blue, 64 GB)  (4 GB RAM)","₹12,999",23% off,"₹9,990",4.4
"realme C15 (Power Blue, 32 GB)  (3 GB RAM)","₹11,999",20% off,"₹9,599",4.3
"realme 9 Pro+ 5G (Midnight Black, 256 GB)  (8 GB RAM)","₹31,999",28% off,"₹22,999",4.4
"realme Narzo 50i Prime (Mint Green, 64 GB)  (4 GB RAM)","₹9,999",10% off,"₹8,999",4.1
"realme X3 SuperZoom (Glacier Blue, 256 GB)  (8 GB RAM)","₹31,999",30% off,"₹22,399",4.3
"realme 11 Pro 5G (Astral Black, 256 GB)  (8 GB RAM)","₹27,999",7% off,"₹25,990",4.4
"realme C30 (Bamboo Green, 32 GB)  (2 GB RAM)","₹8,499",13% off,"₹7,390",4.2
"realme 6 (Comet White, 64 GB)  (6 GB RAM)","₹17,999",27% off,"₹12,999",4.4
"realme Narzo 30 (Racing Blue, 64 GB)  (4 GB RAM)","₹15,999",16% off,"₹13,390",4.4
"realme Narzo 20A (Victory Blue, 64 GB)  (4 GB RAM)","₹11,999",8% off,"₹10,999",4.4
"realme X7 5G (Space Silver, 128 GB)  (6 GB RAM)",N/A,20% off,"₹21,999",4.3
"realme GT Master Edition (Luna White, 128 GB)  (8 GB RAM)","₹29,999",20% off,"₹23,999",4.4
"realme Narzo 30 (Racing Silver, 128 GB)  (6 GB RAM)","₹16,999",26% off,"₹12,490",4.3
"realme narzo 50 5G (Hyper Blue, 128 GB)  (4 GB RAM)","₹18,999",2% off,"₹18,499",4.3
"realme C30 (Denim Black, 32 GB)  (3 GB RAM)","₹9,299",14% off,"₹7,990",4.1
"realme C30s (Night Black, 64 GB)  (4 GB RAM)","₹11,999",29% off,"₹8,499",4.2
"realme P2 Pro 5G (Parrot Green, 128 GB)  (8 GB RAM)","₹25,999",15% off,"₹21,999",4.5
"realme X3 SuperZoom (Glacier Blue, 256 GB)  (12 GB RAM)","₹34,999",30% off,"₹24,499",4.2
"realme X3 SuperZoom (Arctic White, 256 GB)  (12 GB RAM)","₹34,999",30% off,"₹24,499",4.2
"realme C30 (Denim Black, 32 GB)  (2 GB RAM)","₹8,999",16% off,"₹7,499",4.2
"realme C30 (Bamboo Green, 32 GB)  (3 GB RAM)","₹9,299",22% off,"₹7,198",4.1
"realme 5 Pro (Crystal Green, 64 GB)  (4 GB RAM)",N/A,55% off,"₹14,999",4.5
"realme 7i (Fusion Green, 64 GB)  (4 GB RAM)",N/A,55% off,"₹13,999",4.3
"realme Narzo 20 Pro (Black Ninja, 128 GB)  (8 GB RAM)",N/A,N/A,"₹18,999",4.3
"realme X2 (Pearl White, 128 GB)  (6 GB RAM)","₹19,999",30% off,"₹13,999",4.5
"realme C30 (Lake Blue, 32 GB)  (3 GB RAM)","₹9,299",13% off,"₹8,000",4.1
"realme C25Y (Metal Grey, 64 GB)  (4 GB RAM)","₹12,990",34% off,"₹8,489",4.4
"realme Narzo 20 (Victory Blue, 128 GB)  (4 GB RAM)","₹13,999",10% off,"₹12,490",4.3
"realme Narzo 20 (Glory Silver, 128 GB)  (4 GB RAM)","₹13,999",14% off,"₹11,998",4.3
"realme GT 2 (Paper White, 128 GB)  (8 GB RAM)","₹39,999",25% off,"₹29,990",4.3
"realme C20 (Cool Blue, 32 GB)  (2 GB RAM)","₹7,999",2% off,"₹7,799",4.4
"realme C20 (Cool Grey, 32 GB)  (2 GB RAM)","₹7,999",33% off,"₹5,299",4.4
"Realme C30 - Locked with Airtel Prepaid (Bamboo Green, 32 GB)  (2 GB RAM)","₹8,499",29% off,"₹5,999",4.2
"realme 13 5G (Speed Green, 256 GB)  (8 GB RAM)","₹22,999",13% off,"₹19,999",4.3
"realme C15 Qualcomm Edition (Power Blue, 64 GB)  (4 GB RAM)",N/A,55% off,"₹12,999",4.4
"realme 9 Pro 5G (Midnight Black, 128 GB)  (6 GB RAM)",N/A,20% off,"₹21,999",4.4
"realme P2 Pro 5G (Eagle Grey, 128 GB)  (8 GB RAM)","₹25,999",15% off,"₹21,999",4.5
"realme C21 (Cross Blue, 64 GB)  (4 GB RAM)","₹10,999",51% off,"₹5,299",4.4
"realme C1 (Mirror Black, 32 GB)  (2 GB RAM)",N/A,50% off,"₹8,999",4.4
"realme 5s (Crystal Red, 128 GB)  (4 GB RAM)",N/A,55% off,"₹12,999",4.5
"realme C15 Qualcomm Edition (Power Blue, 32 GB)  (3 GB RAM)",N/A,62% off,"₹11,999",4.3
"realme C33 2023 (Aqua Blue, 64 GB)  (4 GB RAM)","₹12,999",23% off,"₹9,999",4.4
"realme Narzo 20 (Victory Blue, 64 GB)  (4 GB RAM)","₹12,999",7% off,"₹11,979",4.3
"realme C21 (Cross Black, 32 GB)  (3 GB RAM)","₹9,999",47% off,"₹5,299",4.4
"realme XT (Pearl Blue, 128 GB)  (8 GB RAM)",N/A,33% off,"₹19,999",4.5
"realme X2 Pro (Neptune Blue, 128 GB)  (8 GB RAM)",N/A,22% off,"₹31,999",4.5
"realme GT Neo 3 (Nitro Blue, 128 GB)  (8 GB RAM)","₹38,999",41% off,"₹22,999",4.2
"realme 5i (Forest Green, 64 GB)  (4 GB RAM)",N/A,62% off,"₹10,999",4.5
"realme Narzo 20 (Glory Silver, 64 GB)  (4 GB RAM)","₹12,999",11% off,"₹11,490",4.3
"realme X (Space Blue, 128 GB)  (8 GB RAM)",N/A,20% off,"₹20,999",4.5
"realme 5i (Aqua Blue, 64 GB)  (4 GB RAM)",N/A,62% off,"₹10,999",4.5
"realme C33 2023 (Sandy Gold, 64 GB)  (4 GB RAM)","₹12,999",13% off,"₹11,249",4.4
"realme C25Y (Glacier Blue, 64 GB)  (4 GB RAM)","₹12,999",34% off,"₹8,480",4.4
"realme 11 Pro 5G (Astral Black, 128 GB)  (8 GB RAM)","₹25,999",7% off,"₹23,999",4.4
"realme C2 (Diamond Black, 32 GB)  (2 GB RAM)",N/A,50% off,"₹7,999",4.4
"realme C2 (Diamond Blue, 32 GB)  (2 GB RAM)","₹7,999",6% off,"₹7,490",4.4
"realme 8 (Cyber Black, 128 GB)  (8 GB RAM)","₹18,999",18% off,"₹15,499",4.4
"realme Narzo 30A (Laser Blue, 32 GB)  (3 GB RAM)",N/A,50% off,"₹9,999",4.4
"realme Narzo 30A (Laser Black, 32 GB)  (3 GB RAM)","₹9,999",14% off,"₹8,590",4.4
"realme 8 5G (Supersonic Blue, 64 GB)  (4 GB RAM)","₹15,999",9% off,"₹14,490",4.3
"realme P2 Pro 5G (Eagle Grey, 128 GB)  (8 GB RAM)","₹25,999",15% off,"₹21,999",4.5
"realme 8 (Cyber Black, 128 GB)  (6 GB RAM)","₹17,999",19% off,"₹14,499",4.4
"realme Narzo 30 Pro 5G (Blade Silver, 128 GB)  (8 GB RAM)","₹21,999",25% off,"₹16,499",4.3
"realme X50 Pro (Moss Green, 256 GB)  (12 GB RAM)","₹48,999",42% off,"₹27,999",4.4
"realme Narzo 30 Pro 5G (Sword Black, 64 GB)  (6 GB RAM)","₹18,999",28% off,"₹13,499",4.3
"realme 8 (Cyber Silver, 128 GB)  (4 GB RAM)","₹16,999",20% off,"₹13,499",4.4
"Realme C30 - Locked with Airtel Prepaid (Lake Blue, 32 GB)  (3 GB RAM)","₹9,299",24% off,"₹6,999",4.1
"Realme C30 - Locked with Airtel Prepaid (Denim Black, 32 GB)  (3 GB RAM)","₹9,299",24% off,"₹6,999",4.1
"realme C21 (Cross Black, 64 GB)  (4 GB RAM)","₹10,999",51% off,"₹5,299",4.4
"realme C21 (Cross Blue, 32 GB)  (3 GB RAM)","₹8,999",5% off,"₹8,499",4.4
"realme 9 (Stargaze White, 128 GB)  (6 GB RAM)",N/A,20% off,"₹20,999",4.4
"realme 9 (Meteor Black, 128 GB)  (6 GB RAM)","₹20,999",9% off,"₹18,990",4.4
"realme 9 (Sunburst Gold, 128 GB)  (8 GB RAM)",N/A,23% off,"₹22,999",4.4
"realme 9 (Meteor Black, 128 GB)  (8 GB RAM)",N/A,23% off,"₹22,999",4.4
"realme Narzo 50 Pro 5G (Hyper Black, 128 GB)  (6 GB RAM)","₹25,999",11% off,"₹22,999",4.2
"realme Narzo 30 Pro 5G (Blade Silver, 64 GB)  (6 GB RAM)","₹18,999",28% off,"₹13,499",4.3
"realme 6 (Comet Blue, 128 GB)  (8 GB RAM)",N/A,30% off,"₹16,999",4.4
"Realme C30 - Locked with Airtel Prepaid (Denim Black, 32 GB)  (2 GB RAM)","₹8,499",29% off,"₹5,999",4.2
"realme Narzo 30 5G (Racing Silver, 128 GB)  (6 GB RAM)",N/A,33% off,"₹17,999",4.3
"realme Narzo 30 5G (Racing Blue, 128 GB)  (6 GB RAM)",N/A,33% off,"₹17,999",4.3
"realme 9 (Stargaze White, 128 GB)  (8 GB RAM)",N/A,23% off,"₹22,999",4.4
"realme 6 Pro (Lightning Blue, 128 GB)  (6 GB RAM)",N/A,33% off,"₹18,999",4.4
"realme X (Space Blue, 128 GB)  (4 GB RAM)",N/A,33% off,"₹17,999",4.5
"realme GT 2 Pro (Paper White, 128 GB)  (8 GB RAM)","₹57,999",62% off,"₹21,999",4.2
"(Refurbished) realme GT NEO 3 (150W) (Nitro Blue, 256 GB)  (12 GB RAM)","₹34,999",37% off,"₹21,999",3.5
"(Refurbished) realme GT 2 (Steel Black, 128 GB)  (8 GB RAM)","₹29,999",36% off,"₹18,999",3.5
"realme P2 Pro 5G (Eagle Grey, 128 GB)  (8 GB RAM)","₹25,999",15% off,"₹21,999",4.2
"realme C61 (Marble Black, 128 GB)  (4 GB RAM)","₹9,999",15% off,"₹8,499",4.3
"realme C61 (Safari Green, 128 GB)  (4 GB RAM)","₹9,999",15% off,"₹8,499",4.3
"realme C53 (Champion Gold, 64 GB)  (6 GB RAM)","₹12,999",40% off,"₹7,699",4.4
"realme 12x 5G (Coral Red, 128 GB)  (4 GB RAM)","₹16,999",29% off,"₹11,999",4.1
"realme 12 Pro+ 5G (Navigator Beige, 128 GB)  (8 GB RAM)","₹34,999",14% off,"₹29,999",4.4
"realme 12 Pro+ 5G (Explorer Red, 128 GB)  (8 GB RAM)","₹34,999",14% off,"₹29,999",4.4
"realme C53 (Champion Gold, 128 GB)  (4 GB RAM)","₹11,999",41% off,"₹6,999",4.1
"realme C65 5G (Speedy Red, 64 GB)  (4 GB RAM)","₹13,999",N/A,"₹13,899",4.2
"realme C65 5G (Speedy Red, 128 GB)  (4 GB RAM)","₹14,999",24% off,"₹11,299",4.2
"realme C11 2021 (Cool Grey, 64 GB)  (4 GB RAM)","₹9,999",37% off,"₹6,299",4.3
"realme 13 Pro 5G (Monet Gold, 256 GB)  (12 GB RAM)",N/A,N/A,"₹32,999",4.3
"realme 13 Pro 5G (Monet Purple, 256 GB)  (12 GB RAM)",N/A,N/A,"₹32,999",4.3
"realme C11 2021 (Cool Grey, 32 GB)  (2 GB RAM)","₹7,999",33% off,"₹5,299",4.4
"realme 13+ 5G (Dark Purple, 256 GB)  (12 GB RAM)","₹29,999",10% off,"₹26,999",4.3
"realme 70 TURBO 5G (Turbo Green, 256 GB)  (12 GB RAM)","₹23,999",12% off,"₹20,999",3.6
"realme 70 TURBO 5G (Turbo Purple, 256 GB)  (12 GB RAM)","₹23,999",12% off,"₹20,999",3.6
"realme GT 5G (Racing Yellow, 256 GB)  (12 GB RAM)","₹43,999",36% off,"₹27,999",4.3
"realme C65 5G (Glowing Black, 64 GB)  (4 GB RAM)","₹13,999",25% off,"₹10,499",4.2
"realme C11 2021 (Cool Blue, 64 GB)  (4 GB RAM)","₹9,999",37% off,"₹6,299",4.3
"realme GT 6T 5G (Razor Green, 128 GB)  (8 GB RAM)","₹33,999",N/A,"₹33,900",4.5
"realme Narzo 50A (Oxygen Blue, 128 GB)  (4 GB RAM)",N/A,N/A,"₹13,999",4.4
"realme C55 (Rainforest, 64 GB)  (4 GB RAM)","₹12,999",40% off,"₹7,699",4.4
"realme C55 (Rainy Night, 64 GB)  (6 GB RAM)","₹13,999",40% off,"₹8,399",4.3
"realme P2 Pro 5G (Eagle Grey, 128 GB)  (8 GB RAM)","₹25,999",15% off,"₹21,999",4.5
"realme 9i 5G (Rocking Black, 128 GB)  (6 GB RAM)","₹19,999",40% off,"₹11,899",4.3
"realme Narzo 50A (Oxygen Blue, 128 GB)  (4 GB RAM)","₹13,999",10% off,"₹12,499",4.4
"realme Narzo N55 (Prime Black, 128 GB)  (6 GB RAM)","₹14,999",37% off,"₹9,315",4.3
"realme 11x 5G (Midnight Black, 128 GB)  (6 GB RAM)","₹16,999",38% off,"₹10,499",4.4
"realme C55 (Rainforest, 128 GB)  (8 GB RAM)","₹15,999",38% off,"₹9,799",4.4
"realme C30s (Stripe Black, 32 GB)  (2 GB RAM)","₹9,999",30% off,"₹6,999",4.4
"realme Narzo 50A Prime (Flash Blue, 64 GB)  (4 GB RAM)","₹13,499",33% off,"₹8,948",4.1
"realme 10 Pro+ 5G (Dark Matter, 256 GB)  (8 GB RAM)","₹28,999",3% off,"₹27,999",4.4
"realme 10 Pro+ 5G (Hyperspace, 256 GB)  (8 GB RAM)","₹28,999",3% off,"₹27,999",4.4
"realme 10 Pro+ 5G (Nebula Blue, 256 GB)  (8 GB RAM)","₹28,999",3% off,"₹27,999",4.4
"realme 10 Pro+ 5G (Dark Matter, 128 GB)  (8 GB RAM)","₹27,999",7% off,"₹25,990",4.4
"realme 10 Pro+ 5G (Nebula Blue, 128 GB)  (6 GB RAM)","₹25,999",3% off,"₹24,999",4.4
"realme 10 Pro+ 5G (Nebula Blue, 128 GB)  (8 GB RAM)","₹27,999",7% off,"₹25,999",4.4
"realme 11 5G (Glory Gold, 128 GB)  (8 GB RAM)","₹20,999",36% off,"₹13,299",4.3
"realme 9i 5G (Soulful Blue, 128 GB)  (6 GB RAM)","₹19,999",40% off,"₹11,899",4.3
"realme 6i (Eclipse Black, 64 GB)  (4 GB RAM)",N/A,55% off,"₹14,999",4.4
"realme 6i (Lunar White, 64 GB)  (6 GB RAM)","₹15,999",12% off,"₹14,011",4.4
"realme 5 (Crystal Blue, 128 GB)  (4 GB RAM)",N/A,55% off,"₹12,999",4.4
"realme 5 (Crystal Blue, 64 GB)  (4 GB RAM)",N/A,62% off,"₹11,999",4.4
"realme Narzo 50 (Speed Blue, 128 GB)  (6 GB RAM)","₹17,999",27% off,"₹12,999",4.3
"realme C30s (Stripe Blue, 64 GB)  (4 GB RAM)","₹11,999",29% off,"₹8,499",4.2
"realme 13 5G (Speed Green, 256 GB)  (12 GB RAM)",N/A,N/A,"₹23,999",3.9
"realme 13 5G (Dark Purple, 256 GB)  (12 GB RAM)",N/A,N/A,"₹23,999",3.9
"realme C25s (Watery Blue, 128 GB)  (4 GB RAM)","₹11,999",16% off,"₹9,999",4.4
"realme 5 (Crystal Purple, 128 GB)  (4 GB RAM)","₹13,999",14% off,"₹11,999",4.4
"realme P2 Pro 5G (Eagle Grey, 128 GB)  (8 GB RAM)","₹25,999",15% off,"₹21,999",4.5
"realme narzo 50 5G (Hyper Blue, 128 GB)  (6 GB RAM)","₹19,990",14% off,"₹16,999",4.4
"realme narzo 50 5G (Hyper Black, 64 GB)  (4 GB RAM)","₹17,999",8% off,"₹16,499",4.3
"realme C25_Y (Glacier Blue, 128 GB)  (4 GB RAM)","₹13,999",28% off,"₹9,999",4.5
"realme narzo 50 5G (Hyper Blue, 64 GB)  (4 GB RAM)","₹17,999",5% off,"₹16,999",4.3
"realme narzo 50 5G (Hyper Black, 128 GB)  (6 GB RAM)","₹19,999",N/A,"₹19,990",4.4
"realme 9 5G (Supersonic Black, 64 GB)  (4 GB RAM)","₹18,999",26% off,"₹13,999",4.5
"realme 9 5G (Supersonic Black, 128 GB)  (6 GB RAM)","₹20,999",26% off,"₹15,499",4.4
"realme 9 5G (Meteor Black, 128 GB)  (6 GB RAM)","₹20,999",26% off,"₹15,499",4.4
"realme 9 5G (Supersonic Blue, 128 GB)  (6 GB RAM)","₹20,999",26% off,"₹15,499",4.4
"realme Narzo 50 (Speed Blue, 128 GB)  (6 GB RAM)","₹17,999",11% off,"₹15,990",4.3
"realme GT Neo 3T (Shade Black, 128 GB)  (8 GB RAM)","₹36,999",39% off,"₹22,399",4.3
"realme 8 Pro (Illuminating Yellow, 128 GB)  (8 GB RAM)","₹21,999",9% off,"₹19,999",4.4
"realme 8 Pro (Infinite Blue, 128 GB)  (8 GB RAM)","₹21,999",9% off,"₹19,999",4.4
"realme 8 Pro (Infinite Blue, 128 GB)  (6 GB RAM)","₹19,999",10% off,"₹17,999",4.4
"realme GT NEO 2 (NEO Blue, 256 GB)  (12 GB RAM)","₹38,999",30% off,"₹26,999",4.4
"realme 8 Pro (Illuminating Yellow, 128 GB)  (6 GB RAM)","₹19,999",10% off,"₹17,999",4.4
"realme Narzo 60X 5G (Stellar Green, 128 GB)  (6 GB RAM)",N/A,N/A,"₹15,999",4.3
"realme GT NEO 2 (NEO Black, 256 GB)  (12 GB RAM)","₹38,999",30% off,"₹26,999",4.4
"realme C21Y (Cross Blue, 32 GB)  (3 GB RAM)","₹9,999",25% off,"₹7,499",4.6
"realme P2 Pro 5G (Eagle Grey, 128 GB)  (8 GB RAM)","₹25,999",15% off,"₹21,999",4.5
"realme 8s 5G (Universe Purple, 128 GB)  (8 GB RAM)","₹22,999",13% off,"₹19,999",4.4
"realme Narzo 50A Prime (Flash Black, 128 GB)  (4 GB RAM)",N/A,N/A,"₹14,499",4.1
"realme 9i (Prism Blue, 64 GB)  (4 GB RAM)","₹15,999",25% off,"₹11,999",4.5
"realme 9i (Prism Blue, 128 GB)  (6 GB RAM)","₹17,999",19% off,"₹14,499",4.5
"realme GT NEO 2 (NEO Green, 256 GB)  (12 GB RAM)","₹38,999",30% off,"₹26,999",4.4
"realme C12 (Power Blue, 64 GB)  (4 GB RAM)",N/A,62% off,"₹10,999",4.4
"realme C33 (Sandy Gold, 32 GB)  (3 GB RAM)","₹11,999",25% off,"₹8,999",4.4
"realme narzo 50 5G (Hyper Black, 128 GB)  (4 GB RAM)","₹17,999",11% off,"₹15,996",4.3
"realme C33 2023 (Sandy Gold, 128 GB)  (4 GB RAM)","₹13,999",25% off,"₹10,499",4.4
"realme 6 (Comet Blue, 64 GB)  (6 GB RAM)",N/A,33% off,"₹17,999",4.4
"realme 5 (Crystal Purple, 32 GB)  (3 GB RAM)","₹10,999",10% off,"₹9,899",4.5
"realme Narzo 50i (Mint Green, 64 GB)  (4 GB RAM)","₹9,999",10% off,"₹8,999",4.3
"realme GT NEO 2 (NEO Green, 128 GB)  (8 GB RAM)","₹34,999",34% off,"₹22,999",4.4
"realme C12 (Power Silver, 64 GB)  (4 GB RAM)","₹10,999",9% off,"₹9,999",4.4
"realme GT Neo 3 (Sprint White, 256 GB)  (8 GB RAM)","₹41,999",7% off,"₹38,999",4.2
"realme X7 Max (Asteroid Black, 128 GB)  (8 GB RAM)",N/A,20% off,"₹29,999",4.4
"realme X7 Max (Milky Way, 128 GB)  (8 GB RAM)",N/A,20% off,"₹29,999",4.4
"realme 7 (Mist White, 64 GB)  (6 GB RAM)",N/A,33% off,"₹17,999",4.4
"realme 11 Pro+ 5G (Oasis Green, 256 GB)  (12 GB RAM)","₹32,999",9% off,"₹29,999",4.4
"realme 7 (Mist Blue, 128 GB)  (8 GB RAM)",N/A,20% off,"₹20,999",4.3
"realme Narzo 30 (Racing Silver, 64 GB)  (6 GB RAM)","₹15,999",25% off,"₹11,999",4.3
"realme Narzo 30 (Racing Blue, 64 GB)  (6 GB RAM)","₹15,999",25% off,"₹11,999",4.3
"realme 8i (Space Purple, 64 GB)  (4 GB RAM)","₹15,999",28% off,"₹11,499",4.5
"realme P2 Pro 5G (Eagle Grey, 128 GB)  (8 GB RAM)","₹25,999",15% off,"₹21,999",4.5
"realme C12 (Power Blue, 64 GB)  (4 GB RAM)",N/A,62% off,"₹10,999",4.4
"realme Narzo 70 Pro 5G (Gold, Glass Gold, 128 GB)  (8 GB RAM)","₹24,999",33% off,"₹16,732",4.3
"realme Narzo 70 Pro 5G (Green, Glass Green, 128 GB)  (8 GB RAM)","₹24,999",31% off,"₹17,139",4.3
"realme 8i (Space Black, 128 GB)  (6 GB RAM)","₹17,999",25% off,"₹13,499",4.4
"realme 8i (Space Purple, 128 GB)  (6 GB RAM)","₹17,999",25% off,"₹13,499",4.4
"realme 2 (Diamond Black, 64 GB)  (4 GB RAM)",N/A,62% off,"₹11,990",4.5
"realme Narzo 10 (That Blue, 128 GB)  (4 GB RAM)","₹13,999",19% off,"₹11,299",4.5
"realme 2 (Diamond Red, 32 GB)  (3 GB RAM)",N/A,50% off,"₹9,990",4.5
"realme Narzo 50i Prime (Dark Blue, 64 GB)  (4 GB RAM)","₹9,998",23% off,"₹7,674",4.1
"realme 9 Pro+ 5G (Aurora Green, 128 GB)  (8 GB RAM)","₹29,999",30% off,"₹20,999",4.4
"realme 9 Pro+ 5G (Midnight Black, 128 GB)  (6 GB RAM)","₹27,999",32% off,"₹18,999",4.4
"realme 9 Pro+ 5G (Aurora Green, 128 GB)  (6 GB RAM)","₹27,999",32% off,"₹18,999",4.4
"realme 2 (Diamond Black, 32 GB)  (3 GB RAM)",N/A,50% off,"₹9,990",4.5
"realme C3 (Frozen Blue, 32 GB)  (3 GB RAM)",N/A,50% off,"₹7,999",4.4
"realme narzo 50i Prime (Mint Green, 32 GB)  (3 GB RAM)","₹8,999",22% off,"₹6,999",4.1
"realme X50 Pro (Rust Red, 128 GB)  (8 GB RAM)",N/A,18% off,"₹41,999",4.4
"realme 11 Pro 5G (Sunrise Beige, 256 GB)  (12 GB RAM)","₹30,999",9% off,"₹27,999",4.3
"realme 11 Pro 5G (Sunrise Beige, 256 GB)  (8 GB RAM)","₹27,999",10% off,"₹24,999",4.4
"realme C25 (Watery Blue, 64 GB)  (4 GB RAM)",N/A,62% off,"₹10,999",4.4
"realme GT NEO 2 (NEO Blue, 128 GB)  (8 GB RAM)","₹34,999",34% off,"₹22,999",4.4
"realme Narzo 50A Prime (Flash Blue, 128 GB)  (4 GB RAM)","₹14,999",25% off,"₹11,111",4.1
"realme Narzo 60 5G (Cosmic Black, 128 GB)  (8 GB RAM)","₹19,999",29% off,"₹14,078",4.3
"realme 9 5G Speed Edition (Azure Glow,128GB)(8GB RAM) (Azure Glow, 128 GB)  (8 GB RAM)","₹26,999",29% off,"₹18,999",3.6
"realme C3 (Blazing Red, 64 GB)  (4 GB RAM)",N/A,50% off,"₹8,999",4.4
"realme 11 Pro 5G (Astral Black, 256 GB)  (12 GB RAM)","₹30,999",9% off,"₹27,999",4.3
"realme P2 Pro 5G (Eagle Grey, 128 GB)  (8 GB RAM)","₹25,999",15% off,"₹21,999",4.5
"realme 11 Pro 5G (Oasis Green, 256 GB)  (12 GB RAM)","₹30,999",9% off,"₹27,999",4.3
"realme 11 Pro 5G (Oasis Green, 256 GB)  (8 GB RAM)","₹27,999",10% off,"₹24,999",4.4
"realme C15 (Power Blue, 64 GB)  (4 GB RAM)",N/A,55% off,"₹12,999",4.4
"realme C30s (Stripe - Black, 32 GB)  (2 GB RAM)","₹9,999",27% off,"₹7,299",4.4
"realme Narzo 50i Prime (Dark Blue, 32 GB)  (3 GB RAM)","₹8,999",20% off,"₹7,142",4.1
"realme X3 SuperZoom (Arctic White, 128 GB)  (8 GB RAM)","₹29,999",30% off,"₹20,999",4.3
"realme Narzo 10 (That White, 128 GB)  (4 GB RAM)",N/A,55% off,"₹12,999",4.5
"realme 5 Pro (Chroma White, 128 GB)  (8 GB RAM)",N/A,30% off,"₹16,999",4.5
"realme C25 (Watery Grey, 128 GB)  (4 GB RAM)",N/A,62% off,"₹11,999",4.4
"realme C25 (Watery Blue, 128 GB)  (4 GB RAM)",N/A,62% off,"₹11,999",4.4
"realme 5 Pro (Sparkling Blue, 64 GB)  (4 GB RAM)",N/A,55% off,"₹14,999",4.5
"realme X7 Max (Mercury Silver, 256 GB)  (12 GB RAM)",N/A,21% off,"₹32,999",4.3
"realme X7 Max (Milky Way, 256 GB)  (12 GB RAM)",N/A,21% off,"₹32,999",4.3
"realme X7 Max (Asteroid Black, 256 GB)  (12 GB RAM)",N/A,21% off,"₹32,999",4.3
"realme C53 (Gold, 64 GB)  (6 GB RAM)","₹12,999",27% off,"₹9,488",4.4
"realme C30s (Royal Blue, 32 GB)  (2 GB RAM)","₹9,999",24% off,"₹7,599",4.4
"realme C15 (Power Silver, 64 GB)  (4 GB RAM)",N/A,55% off,"₹12,999",4.4
"realme C33 (Aqua Blue, 32 GB)  (3 GB RAM)","₹11,999",25% off,"₹8,999",4.4
"realme 7 (Mist White, 128 GB)  (8 GB RAM)","₹20,999",18% off,"₹17,099",4.3
"realme GT 2 (Steel Black, 256 GB)  (12 GB RAM)","₹44,999",35% off,"₹28,999",4.4
"realme GT 2 (Paper Green, 256 GB)  (12 GB RAM)","₹44,999",35% off,"₹28,999",4.4
"realme 9 Pro+ 5G (Sunrise Blue, 256 GB)  (8 GB RAM)","₹31,999",28% off,"₹22,999",4.4
"realme GT NEO 2 (NEO Black, 128 GB)  (8 GB RAM)","₹34,999",8% off,"₹31,999",4.4
"realme P2 Pro 5G (Eagle Grey, 128 GB)  (8 GB RAM)","₹25,999",15% off,"₹21,999",4.5
"realme Narzo 20A (Victory Blue, 32 GB)  (3 GB RAM)",N/A,62% off,"₹10,999",4.3
"realme Narzo 20A (Glory Silver, 32 GB)  (3 GB RAM)",N/A,62% off,"₹10,999",4.3
"realme 7 (Mist Blue, 64 GB)  (6 GB RAM)","₹17,999",27% off,"₹13,138",4.4
"realme 7i (Fusion Green, 128 GB)  (4 GB RAM)","₹14,999",5% off,"₹14,249",4.3
"realme 7i (Fusion Blue, 128 GB)  (4 GB RAM)","₹14,999",5% off,"₹14,249",4.3
"realme 11 Pro+ 5G (Astral Black, 256 GB)  (12 GB RAM)","₹32,999",9% off,"₹29,999",4.4
"realme 7i (Fusion Blue, 64 GB)  (4 GB RAM)","₹13,999",15% off,"₹11,849",4.3
"realme X3 (Glacier Blue, 128 GB)  (8 GB RAM)",N/A,20% off,"₹27,999",4.4
"realme X7 5G (Space Silver, 128 GB)  (8 GB RAM)",N/A,23% off,"₹23,999",4.3
"realme X7 5G (Nebula, 128 GB)  (6 GB RAM)",N/A,20% off,"₹21,999",4.3
"realme GT Master Edition (Voyager Grey, 128 GB)  (8 GB RAM)","₹29,999",20% off,"₹23,999",4.4
"realme GT Master Edition (Daybreak Blue, 128 GB)  (8 GB RAM)","₹29,999",20% off,"₹23,999",4.4
"realme X3 (Arctic White, 128 GB)  (8 GB RAM)",N/A,N/A,"₹27,999",4.4
"realme 6 (Comet White, 64 GB)  (4 GB RAM)",N/A,55% off,"₹13,999",4.4
"realme GT Master Edition (Voyager Grey, 128 GB)  (6 GB RAM)","₹26,999",18% off,"₹21,999",4.4
"realme 10 Pro 5G (Coca Cola Edition) (Black and Red, 128 GB)  (8 GB RAM)","₹22,999",8% off,"₹20,999",4.5
"realme X7 Max (Mercury Silver, 128 GB)  (8 GB RAM)","₹29,999",13% off,"₹25,990",4.4
"realme Narzo 50A Prime (Flash Blue, 128 GB)  (4 GB RAM)",N/A,N/A,"₹11,449",4.1
"realme Narzo 20 Pro (White Knight, 128 GB)  (8 GB RAM)",N/A,33% off,"₹18,999",4.3
"realme Narzo 20 Pro (Black Ninja, 128 GB)  (8 GB RAM)",N/A,33% off,"₹18,999",4.3
"realme X50 Pro 5G (Rust Red, 256 GB)  (12 GB RAM)",N/A,18% off,"₹47,999",4.3
"realme GT Master Edition (Cosmos Black, 128 GB)  (6 GB RAM)","₹26,999",18% off,"₹21,999",4.4
"realme GT Master Edition (Daybreak Blue, 128 GB)  (6 GB RAM)","₹26,999",18% off,"₹21,999",4.4
"realme GT Master Edition (Luna White, 128 GB)  (6 GB RAM)","₹26,999",18% off,"₹21,999",4.4
"realme 5 Pro (Sparkling Blue, 128 GB)  (8 GB RAM)",N/A,33% off,"₹17,999",4.5
"realme P2 Pro 5G (Eagle Grey, 128 GB)  (8 GB RAM)","₹25,999",15% off,"₹21,999",4.5
"realme Narzo 20A (Glory Silver, 64 GB)  (4 GB RAM)","₹11,999",8% off,"₹10,999",4.4
"realme GT Master Edition (Luna White, 256 GB)  (8 GB RAM)","₹31,999",18% off,"₹25,999",4.4
"realme GT Master Edition (Daybreak Blue, 256 GB)  (8 GB RAM)","₹31,999",18% off,"₹25,999",4.4
"realme GT Master Edition (Voyager Grey, 256 GB)  (8 GB RAM)","₹31,999",18% off,"₹25,999",4.4
"realme 9 Pro 5G (Aurora Green, 128 GB)  (6 GB RAM)",N/A,20% off,"₹21,999",4.4
"realme 9 Pro 5G (Midnight Black, 128 GB)  (8 GB RAM)",N/A,23% off,"₹23,999",4.3
"realme 9 Pro 5G (Sunrise Blue, 128 GB)  (6 GB RAM)",N/A,20% off,"₹21,999",4.4
"realme X2 (Pearl Green, 128 GB)  (8 GB RAM)",N/A,20% off,"₹20,999",4.5
"realme 7 Pro (Sun Kissed Leather, 128 GB)  (8 GB RAM)",N/A,23% off,"₹22,999",4.4
"realme 7 Pro (Mirror Blue, 128 GB)  (6 GB RAM)",N/A,20% off,"₹20,999",4.4
"realme X7 5G (Nebula, 128 GB)  (8 GB RAM)",N/A,23% off,"₹23,999",4.3
"realme C15 Qualcomm Edition (Power Silver, 64 GB)  (4 GB RAM)",N/A,55% off,"₹12,999",4.4
"realme GT Master Edition (Cosmos Black, 256 GB)  (8 GB RAM)","₹31,999",18% off,"₹25,999",4.4
"realme 3i (Diamond Blue, 64 GB)  (4 GB RAM)",N/A,62% off,"₹10,999",4.4
"realme 9 Pro 5G (Aurora Green, 128 GB)  (8 GB RAM)",N/A,23% off,"₹23,999",4.3
"realme 9 5G SE (Azure Glow, 128 GB)  (6 GB RAM)","₹24,999",36% off,"₹15,999",4.4
"realme 9 5G SE (Azure Glow, 128 GB)  (8 GB RAM)","₹26,999",29% off,"₹18,999",4.3
"realme 9 5G SE (Starry Glow, 128 GB)  (8 GB RAM)","₹26,999",29% off,"₹18,999",4.3
"realme 9 5G SE (Starry Glow, 128 GB)  (6 GB RAM)","₹24,999",36% off,"₹15,999",4.4
"realme P2 Pro 5G (Eagle Grey, 128 GB)  (8 GB RAM)","₹25,999",15% off,"₹21,999",4.5
"realme 2 Pro (Ice Lake, 64 GB)  (6 GB RAM)","₹15,990",12% off,"₹13,990",4.5
"realme 2 Pro (Black Sea, 64 GB)  (4 GB RAM)",N/A,55% off,"₹13,990",4.5
"realme 2 Pro (Ice Lake, 64 GB)  (4 GB RAM)",N/A,55% off,"₹13,990",4.5
"realme X2 Pro (Lunar White, 256 GB)  (12 GB RAM)",N/A,20% off,"₹35,999",4.6
"realme C1 (Mirror Black, 16 GB)  (2 GB RAM)",N/A,50% off,"₹8,990",4.4
"realme C51 (Carbon Black, 128 GB)  (4 GB RAM)","₹11,999",44% off,"₹6,699",4.3
"realme 3i (Diamond Blue, 32 GB)  (3 GB RAM)",N/A,50% off,"₹8,999",4.4
"realme 3 (Dynamic Black, 64 GB)  (3 GB RAM)",N/A,62% off,"₹11,999",4.5
"realme 3i (Diamond Black, 64 GB)  (4 GB RAM)",N/A,62% off,"₹10,999",4.4
"realme 3i (Diamond Red, 64 GB)  (4 GB RAM)",N/A,62% off,"₹10,999",4.4
"realme C15 Qualcomm Edition (Power Silver, 32 GB)  (3 GB RAM)",N/A,N/A,"₹11,999",4.3
"realme 3i (Diamond Black, 32 GB)  (3 GB RAM)",N/A,50% off,"₹8,999",4.4
"realme 5i (Aqua Blue, 128 GB)  (4 GB RAM)",N/A,62% off,"₹11,999",4.5
"realme X2 (Pearl White, 64 GB)  (4 GB RAM)","₹17,999",8% off,"₹16,499",4.5
"realme C1 (Mirror Black, 32 GB)  (3 GB RAM)",N/A,50% off,"₹9,999",4.4
"realme 3 (Radiant Blue, 64 GB)  (3 GB RAM)",N/A,62% off,"₹11,999",4.5
"realme 3 (Radiant Blue, 32 GB)  (3 GB RAM)",N/A,62% off,"₹10,999",4.5
"realme 3 (Dynamic Black, 32 GB)  (3 GB RAM)",N/A,62% off,"₹10,999",4.5
"realme 6 (Comet Blue, 128 GB)  (6 GB RAM)","₹15,999",6% off,"₹14,999",4.4
"realme X (Polar White, 128 GB)  (4 GB RAM)",N/A,33% off,"₹17,999",4.5
"realme 2 Pro (Black Sea, 128 GB)  (8 GB RAM)",N/A,33% off,"₹17,990",4.5
"realme X2 (Pearl White, 128 GB)  (8 GB RAM)","₹22,999",13% off,"₹19,899",4.5
"realme Narzo 50A Prime (Flash Black, 128 GB)  (4 GB RAM)","₹14,499",24% off,"₹10,999",4.1
"realme P2 Pro 5G (Eagle Grey, 128 GB)  (8 GB RAM)","₹25,999",15% off,"₹21,999",4.5
"realme C33 2023 (Night Sea, 64 GB)  (4 GB RAM)","₹12,999",23% off,"₹9,999",4.4
"realme Narzo 50A Prime (Flash Black, 64 GB)  (4 GB RAM)",N/A,N/A,"₹13,499",4.1
"realme 9 Pro+ 5G (Sunrise Blue, 128 GB)  (6 GB RAM)","₹27,999",32% off,"₹18,999",4.4
"realme Narzo 10A (So White, 64 GB)  (4 GB RAM)",N/A,62% off,"₹10,999",4.5
"realme 3 Pro (Nitro Blue, 64 GB)  (4 GB RAM)",N/A,30% off,"₹15,999",4.5
"realme C2 (Diamond Sapphire, 32 GB)  (3 GB RAM)",N/A,50% off,"₹8,999",4.4
"realme C2 (Diamond Ruby, 32 GB)  (3 GB RAM)",N/A,50% off,"₹8,999",4.4
"realme C2 (Diamond Blue, 32 GB)  (3 GB RAM)",N/A,50% off,"₹8,999",4.4
"realme C2 (Diamond Black, 32 GB)  (3 GB RAM)",N/A,50% off,"₹8,999",4.4
"realme 8 5G (Supersonic Blue, 128 GB)  (8 GB RAM)","₹18,999",2% off,"₹18,499",4.4
"realme 8 5G (Supersonic Blue, 128 GB)  (4 GB RAM)","₹16,999",2% off,"₹16,499",4.3
"realme 8 5G (Supersonic Black, 128 GB)  (4 GB RAM)","₹16,999",2% off,"₹16,499",4.3
"realme 8 5G (Supersonic Black, 64 GB)  (4 GB RAM)","₹15,999",3% off,"₹15,499",4.3
"realme 8 (Cyber Black, 128 GB)  (4 GB RAM)","₹16,999",20% off,"₹13,499",4.4
"realme Narzo 30A (Laser Black, 64 GB)  (4 GB RAM)",N/A,62% off,"₹10,999",4.4
"realme Narzo 30A (Laser Blue, 64 GB)  (4 GB RAM)",N/A,62% off,"₹10,999",4.4
"realme 8 (Punk Black, 128 GB)  (4 GB RAM)","₹16,999",20% off,"₹13,499",4.4
"realme 8 (Cyber Silver, 128 GB)  (6 GB RAM)","₹17,999",19% off,"₹14,499",4.4
"realme 8 (Cyber Silver, 128 GB)  (8 GB RAM)","₹18,999",18% off,"₹15,499",4.4
"realme Narzo 60 pro 5G (Cosmic Black, 256 GB)  (12 GB RAM)","₹28,999",13% off,"₹24,990",4.3
"realme Narzo 60 Pro 5G (Cosmic Black, 1 TB)  (12 GB RAM)","₹28,999",3% off,"₹27,999",4.3
"realme Narzo 60 Pro 5G (Mars Orange, 256 GB)  (12 GB RAM)","₹28,999",14% off,"₹24,888",4.3
"realme Narzo 60 Pro 5G (Mars orange, 128 GB)  (8 GB RAM)","₹26,999",21% off,"₹21,225",4.3
"realme Narzo 20 Pro (White Knight, 64 GB)  (6 GB RAM)",N/A,30% off,"₹16,999",4.4
"realme Narzo 20 Pro (Black Ninja, 64 GB)  (6 GB RAM)",N/A,30% off,"₹16,999",4.4
"realme P2 Pro 5G (Eagle Grey, 128 GB)  (8 GB RAM)","₹25,999",15% off,"₹21,999",4.5
"realme Narzo 60 Pro 5G (Mars Orange, 1 TB)  (12 GB RAM)","₹32,999",33% off,"₹21,900",4.3
"realme GT 2 Pro (Steel Black, 128 GB)  (8 GB RAM)","₹57,999",62% off,"₹21,999",4.2
"realme GT 2 Pro (Paper Green, 256 GB)  (12 GB RAM)","₹66,999",55% off,"₹29,999",4.3
"realme X50 Pro (Moss Green, 128 GB)  (8 GB RAM)",N/A,18% off,"₹41,999",4.4
"realme 6 Pro (Lightning Blue, 64 GB)  (6 GB RAM)",N/A,33% off,"₹17,999",4.4
"realme Narzo 30 Pro 5G (Sword Black, 128 GB)  (8 GB RAM)","₹21,999",25% off,"₹16,499",4.3
"realme GT 2 Pro (Paper White, 256 GB)  (12 GB RAM)","₹66,999",55% off,"₹29,999",4.3
"realme GT 2 Pro (Paper Green, 128 GB)  (8 GB RAM)","₹57,999",13% off,"₹49,999",4.2
"realme Narzo 50 Pro 5G (Hyper Black, 128 GB)  (8 GB RAM)","₹27,999",28% off,"₹19,998",4.2
"realme Narzo 50 Pro 5G (Hyper Blue, 128 GB)  (8 GB RAM)","₹27,999",25% off,"₹20,995",4.2
"Realme C30 - Locked with Airtel Prepaid (Bamboo Green, 32 GB)  (3 GB RAM)","₹9,299",24% off,"₹6,999",4.1
"realme 7 Pro (Mirror Blue, 128 GB)  (8 GB RAM)",N/A,23% off,"₹22,999",4.4
"realme 7 Pro (Sun Kissed Leather, 128 GB)  (6 GB RAM)",N/A,20% off,"₹20,999",4.4
"realme 7 Pro (Mirror Silver, 128 GB)  (8 GB RAM)",N/A,23% off,"₹22,999",4.4
"realme Narzo 50 Pro 5G (Hyper Blue, 128 GB)  (6 GB RAM)","₹25,999",23% off,"₹19,989",4.2
"realme GT 2 Pro (Steel Black, 256 GB)  (12 GB RAM)","₹66,999",55% off,"₹29,999",4.3
"realme C2 (Diamond Black, 16 GB)  (2 GB RAM)",N/A,64% off,"₹6,999",4.4
"Realme C30 - Locked with Airtel Prepaid (Lake Blue, 32 GB)  (2 GB RAM)","₹8,499",29% off,"₹5,999",4.2
"realme 7 Pro (Mirror Silver, 128 GB)  (6 GB RAM)","₹20,999",14% off,"₹17,999",4.4
"realme 6 Pro (Lightning Blue, 128 GB)  (8 GB RAM)",N/A,33% off,"₹19,999",4.5
"realme XT (Pearl White, 64 GB)  (4 GB RAM)",N/A,30% off,"₹16,999",4.5
"realme Narzo 30 5G (Racing Silver, 64 GB)  (4 GB RAM)",N/A,30% off,"₹15,999",4.3
"realme Narzo 30 5G (Racing Blue, 64 GB)  (4 GB RAM)",N/A,30% off,"₹15,999",4.3
"realme P2 Pro 5G (Eagle Grey, 128 GB)  (8 GB RAM)","₹25,999",15% off,"₹21,999",4.5
"realme C2 (Diamond Blue, 16 GB)  (2 GB RAM)",N/A,64% off,"₹6,999",4.4
"realme 5s (Crystal Blue, 128 GB)  (4 GB RAM)",N/A,55% off,"₹12,999",4.5
"realme 5s (Crystal Blue, 64 GB)  (4 GB RAM)",N/A,62% off,"₹11,999",4.5
"realme 9 (Sunburst Gold, 128 GB)  (6 GB RAM)",N/A,20% off,"₹20,999",4.4
"realme X (Polar White, 128 GB)  (8 GB RAM)",N/A,20% off,"₹20,999",4.5
"realme Narzo 50i Prime (Dark Blue, 32 GB)  (3 GB RAM)","₹8,999",11% off,"₹7,990",4.1
"realme X2 Pro (Lunar White, 64 GB)  (6 GB RAM)",N/A,20% off,"₹29,999",4.5
"realme X2 Pro (Lunar White, 128 GB)  (8 GB RAM)",N/A,22% off,"₹31,999",4.5
"(Refurbished) realme 11 Pro 5G (Sunrise Beige, 128 GB)  (8 GB RAM)","₹23,999",24% off,"₹18,199",3.5
"(Refurbished) realme GT NEO 2 (NEO Green, 128 GB)  (8 GB RAM)","₹34,999",48% off,"₹18,099",3.5
"(Refurbished) realme C30 (Lake Blue, 32 GB)  (2 GB RAM)","₹8,499",47% off,"₹4,499",3.5
"(Refurbished) realme GT Neo 3T (Drifting White, 128 GB)  (6 GB RAM)","₹34,999",16% off,"₹29,100",3.5
"(Refurbished) realme 9 (Meteor Black, 128 GB)  (6 GB RAM)","₹24,999",58% off,"₹10,499",3.5
"(Refurbished) realme 9 (Sunburst Gold, 128 GB)  (6 GB RAM)","₹18,999",44% off,"₹10,499",3.5
"(Refurbished) realme 12x 5G (Twilight Purple, 128 GB)  (4 GB RAM)","₹15,999",46% off,"₹8,499",3.5
"(Refurbished) realme 11 Pro 5G (Oasis Green, 256 GB)  (8 GB RAM)","₹24,999",24% off,"₹18,999",3.5
"(Refurbished) realme 11 5G (Glory Gold, 256 GB)  (8 GB RAM)","₹19,999",31% off,"₹13,699",3.5
"(Refurbished) realme 9 PRO (AURORA GREEN, 128 GB)  (6 GB RAM)","₹21,999",39% off,"₹13,399",3.5
"(Refurbished) realme C30 (Lake Blue, 32 GB)  (3 GB RAM)","₹12,999",63% off,"₹4,699",3.5
"(Refurbished) realme 11 Pro+ 5G (Oasis Green, 256 GB)  (8 GB RAM)","₹29,999",32% off,"₹20,399",3.5
"(Refurbished) realme 9 PRO + (MIDNIGHT BLACK, 128 GB)  (6 GB RAM)","₹28,999",50% off,"₹14,499",3.5
"(Refurbished) realme GT Neo 3 (Nitro Blue, 256 GB)  (8 GB RAM)","₹34,999",42% off,"₹19,999",3.5
"(Refurbished) realme C55 (Rainy Night, 64 GB)  (4 GB RAM)","₹10,999",34% off,"₹7,199",3.5
"(Refurbished) realme 11 Pro 5G (Sunrise Beige, 256 GB)  (8 GB RAM)","₹27,999",35% off,"₹18,199",3.5
"(Refurbished) realme 9 (STARGAZE WHITE, 128 GB)  (8 GB RAM)","₹23,999",50% off,"₹11,999",3.5
"realme P2 Pro 5G (Eagle Grey, 128 GB)  (8 GB RAM)","₹25,999",15% off,"₹21,999",4.5
"(Refurbished) realme C33 (Aqua Blue, 32 GB)  (3 GB RAM)","₹13,999",55% off,"₹6,199",3.5
"(Refurbished) realme Narzo 50 Pro 5G (Hyper Blue, 128 GB)  (8 GB RAM)","₹28,999",50% off,"₹14,499",3.5
"(Refurbished) realme C53 (Champion Black, 128 GB)  (6 GB RAM)","₹13,999",42% off,"₹7,999",3.5
"(Refurbished) realme GT Neo 3T (Shade Black, 128 GB)  (6 GB RAM)","₹39,999",53% off,"₹18,499",3.5
"(Refurbished) realme 8s 5G (Universe Blue, 128 GB)  (8 GB RAM)","₹22,999",43% off,"₹13,099",3.5
"(Refurbished) realme GT Master Edition (Cosmos Black, 256 GB)  (8 GB RAM)","₹29,999",60% off,"₹11,999",3.9
"(Refurbished) realme GT Master Edition (Voyager Grey, 128 GB)  (6 GB RAM)","₹29,999",63% off,"₹10,999",3.9
"(Refurbished) realme X7 Max (Milky Way, 128 GB)  (8 GB RAM)","₹25,000",31% off,"₹17,099",3.5
"(Refurbished) realme C21Y (Cross Black, 64 GB)  (4 GB RAM)","₹10,999",42% off,"₹6,299",3.5
"(Refurbished) realme Narzo 50 Pro 5G (Hyper Black, 128 GB)  (6 GB RAM)","₹25,999",46% off,"₹13,999",3.5
"(Refurbished) realme 10 (Rush Black, 64 GB)  (4 GB RAM)","₹15,999",46% off,"₹8,499",3.5
"(Refurbished) realme Narzo 30 5G (Racing Blue, 128 GB)  (6 GB RAM)","₹21,999",54% off,"₹9,999",3.5
"(Refurbished) realme Narzo 50 Pro 5G (Hyper Blue, 128 GB)  (6 GB RAM)","₹25,999",46% off,"₹13,999",3.5
"(Refurbished) realme Narzo 20A (Victory Blue, 64 GB)  (4 GB RAM)","₹9,999",34% off,"₹6,599",2
"(Refurbished) realme GT Master Edition (Voyager Grey, 256 GB)  (8 GB RAM)","₹29,999",60% off,"₹11,999",3.9
"(Refurbished) realme Narzo 50A (Oxygen Green, 64 GB)  (4 GB RAM)","₹12,999",57% off,"₹5,499",3.5
"(Refurbished) realme Narzo 50A (Oxygen Blue, 128 GB)  (4 GB RAM)","₹13,999",50% off,"₹6,999",3.5
"(Refurbished) realme 9 5G (Stargaze White, 64 GB)  (4 GB RAM)","₹19,999",52% off,"₹9,499",3.5
