Brand,Shirt Name,Original Price,Discount,Price After Discount,Ratings
KAJARU,"Pack of 2 Men Printed Round Neck Polyester Pink, Dark Green T-Shirt","₹1,899",84% off,₹299,3.8
TRIPR,Men Colorblock V Neck Cotton Blend Multicolor T-Shirt,"₹1,999",88% off,₹239,4
sti,"Men Printed Round Neck Polyester White, Black T-Shirt",₹999,85% off,₹149,3.9
BEING WANTED,Men Solid Round Neck Pure Cotton White T-Shirt,₹999,79% off,₹201,3.9
TRIPR,Men Colorblock V Neck Cotton Blend Green T-Shirt,"₹1,999",88% off,₹239,4
AUSK,Men Self Design Round Neck Polyester Dark Blue T-Shirt,"₹1,499",82% off,₹269,3.7
Allen Solly,Men Solid Polo Neck Cotton Blend Black T-Shirt,"₹1,099",52% off,₹522,4.3
sti,"Men Printed Round Neck Polyester Black, Yellow T-Shirt",₹999,85% off,₹149,3.9
HIGHLANDER,Men Solid Round Neck Pure Cotton Black T-Shirt,₹749,60% off,₹299,4
Allen Solly,Men Solid Polo Neck Pure Cotton Green T-Shirt,"₹1,099",57% off,₹470,4.3
AUSK,"Men Colorblock Polo Neck Cotton Blend Red, Black, White T-Shirt","₹1,499",80% off,₹299,3.8
TRIPR,Men Colorblock V Neck Cotton Blend Navy Blue T-Shirt,"₹1,999",88% off,₹229,4
DyrectDeals,Men Colorblock Polo Neck Poly Cotton Green T-Shirt,"₹1,299",78% off,₹279,4
Allen Solly,Men Solid Polo Neck Cotton Blend White T-Shirt,"₹1,099",60% off,₹439,4.3
LEVI'S,Men Printed Polo Neck Pure Cotton Green T-Shirt,"₹1,699",58% off,₹699,4.2
FTX,"Pack of 4 Men Solid Round Neck Polyester Silver, Blue, Black, Grey T-Shirt","₹1,499",74% off,₹379,4
ADIDAS,Men Printed Round Neck Pure Cotton Black T-Shirt,"₹1,299",50% off,₹649,3.8
FTX,Pack of 4 Men Solid Round Neck Polyester Multicolor T-Shirt,"₹1,499",74% off,₹379,4
3BROS,Men Solid Polo Neck Cotton Blend Blue T-Shirt,₹999,71% off,₹289,4.1
BEING HUMAN,Men Printed Round Neck Cotton Blend Green T-Shirt,"₹1,299",75% off,₹324,3.9
AUSK,Men Graphic Print Round Neck Cotton Blend Grey T-Shirt,"₹1,499",84% off,₹239,3.7
AUSK,Men Solid Mandarin Collar Cotton Blend Yellow T-Shirt,"₹1,499",84% off,₹239,3.9
Veirdo,"Oversized Men Printed, Typography Round Neck Pure Cotton Navy Blue T-Shirt","₹1,199",72% off,₹329,4.1
sti,Men Printed Round Neck Polyester Multicolor T-Shirt,₹999,85% off,₹149,3.9
METRONAUT By Flipkart,Striped Men Polo Neck Poly Cotton Black T-Shirt,"₹1,999",86% off,₹269,3.8
VeBNoR,"Pack of 4 Men Solid Round Neck Polyester Black, Maroon, Grey, Dark Green T-Shirt",₹999,62% off,₹379,4
Stelino,Pack of 2 Men Printed Round Neck Pure Cotton Multicolor T-Shirt,"₹1,199",68% off,₹373,3.7
AUSK,Men Solid Mandarin Collar Cotton Blend Yellow T-Shirt,"₹1,499",82% off,₹269,3.8
3BROS,Men Solid Polo Neck Cotton Blend Brown T-Shirt,₹999,70% off,₹299,4.1
Louis Philippe Jeans,Men Self Design Crew Neck Pure Cotton Blue T-Shirt,"₹1,299",50% off,₹649,4.2
Red Tape,Men Solid Round Neck Polyester Black T-Shirt,"₹2,599",80% off,₹519,4.4
TRIPR,Men Colorblock V Neck Cotton Blend Green T-Shirt,"₹1,999",88% off,₹229,4
LEVI'S,"Short Sleeves, Tag Free Comfort & Smartskin Technology Style# 025 Cotton Men Solid Round Neck Pure Cotton Black T-Shirt",₹649,44% off,₹357,4.2
EyeBogler,"Men Striped Polo Neck Cotton Blend White, Blue, Yellow T-Shirt","₹1,299",80% off,₹249,4
sti,Men Printed Round Neck Polyester Multicolor T-Shirt,₹999,85% off,₹149,3.9
HIGHLANDER,Men Printed Round Neck Pure Cotton Black T-Shirt,₹649,56% off,₹281,4.2
AUSK,"Men Striped Polo Neck Cotton Blend White, Blue T-Shirt","₹1,499",84% off,₹239,3.8
ADIDAS,Men Solid Polo Neck Cotton Blend Blue T-Shirt,"₹1,499",13% off,"₹1,299",4
Allen Solly,Men Colorblock Polo Neck Cotton Blend Black T-Shirt,"₹1,199",57% off,₹513,4.3
Allen Solly,Men Solid Polo Neck Pure Cotton Grey T-Shirt,"₹1,049",52% off,₹498,4.1
KAJARU,"Pack of 2 Men Printed Round Neck Polyester Pink, Dark Green T-Shirt","₹1,899",84% off,₹299,3.8
TRIPR,Men Colorblock V Neck Cotton Blend Multicolor T-Shirt,"₹1,999",88% off,₹239,4
sti,"Men Printed Round Neck Polyester White, Black T-Shirt",₹999,85% off,₹149,3.9
sti,"Men Printed Round Neck Polyester Black, Yellow T-Shirt",₹999,85% off,₹149,3.9
TRIPR,Men Colorblock V Neck Cotton Blend Green T-Shirt,"₹1,999",88% off,₹239,4
AUSK,"Men Colorblock Polo Neck Cotton Blend Red, Black, White T-Shirt","₹1,499",80% off,₹299,3.8
Veirdo,"Oversized Men Printed, Typography Round Neck Pure Cotton Navy Blue T-Shirt","₹1,199",72% off,₹329,4.1
DyrectDeals,Men Colorblock Polo Neck Poly Cotton Green T-Shirt,"₹1,299",78% off,₹279,4
Allen Solly,Men Solid Polo Neck Pure Cotton Green T-Shirt,"₹1,099",57% off,₹470,4.3
Allen Solly,Men Solid Polo Neck Cotton Blend White T-Shirt,"₹1,099",60% off,₹439,4.3
AUSK,"Men Striped Polo Neck Cotton Blend White, Maroon T-Shirt","₹1,499",84% off,₹239,3.8
AUSK,Men Solid Mandarin Collar Cotton Blend Blue T-Shirt,"₹1,499",84% off,₹239,3.9
FTX,"Pack of 4 Men Solid Round Neck Polyester Silver, Blue, Black, Grey T-Shirt","₹1,499",74% off,₹379,4
3BROS,Men Solid Polo Neck Cotton Blend Blue T-Shirt,₹999,71% off,₹289,4.1
sti,Men Printed Round Neck Polyester Multicolor T-Shirt,₹999,85% off,₹149,3.9
METRONAUT By Flipkart,Striped Men Polo Neck Poly Cotton Black T-Shirt,"₹1,999",86% off,₹269,3.8
TRIPR,Men Colorblock V Neck Cotton Blend Navy Blue T-Shirt,"₹1,999",88% off,₹239,4
TRIPR,Men Solid Mandarin Collar Cotton Blend Multicolor T-Shirt,"₹1,999",86% off,₹279,3.8
VeBNoR,"Pack of 4 Men Solid Round Neck Polyester Black, Maroon, Grey, Dark Green T-Shirt",₹999,62% off,₹379,4
BEING WANTED,Men Solid Round Neck Pure Cotton White T-Shirt,₹999,79% off,₹201,3.9
ADIDAS,Men Printed Round Neck Pure Cotton Black T-Shirt,"₹1,299",50% off,₹649,3.8
FTX,Pack of 4 Men Solid Round Neck Polyester Multicolor T-Shirt,"₹1,499",74% off,₹379,4
3BROS,Men Solid Polo Neck Cotton Blend Brown T-Shirt,₹999,71% off,₹289,4.1
sti,Men Printed Round Neck Polyester Multicolor T-Shirt,₹999,85% off,₹149,3.9
EyeBogler,"Men Striped Polo Neck Cotton Blend White, Blue, Yellow T-Shirt","₹1,299",80% off,₹249,4
LEVI'S,"Short Sleeves, Tag Free Comfort & Smartskin Technology Style# 025 Cotton Men Solid Round Neck Pure Cotton Black T-Shirt",₹649,44% off,₹357,4.2
AUSK,Men Graphic Print Round Neck Cotton Blend Grey T-Shirt,"₹1,499",84% off,₹239,3.7
AUSK,Men Solid Mandarin Collar Cotton Blend Yellow T-Shirt,"₹1,499",84% off,₹239,3.9
London Hills,Men Solid Round Neck Cotton Blend Black T-Shirt,"₹1,299",85% off,₹189,3.9
DyrectDeals,Men Colorblock Polo Neck Poly Cotton Maroon T-Shirt,"₹1,299",78% off,₹279,4
AUSK,Men Solid Mandarin Collar Cotton Blend Yellow T-Shirt,"₹1,499",82% off,₹269,3.8
TRIPR,Men Colorblock V Neck Cotton Blend Green T-Shirt,"₹1,999",88% off,₹229,4
EyeBogler,Men Checkered Hooded Neck Cotton Blend White T-Shirt,"₹2,499",89% off,₹259,3.9
Allen Solly,Men Solid Polo Neck Cotton Blend Light Blue T-Shirt,"₹1,099",52% off,₹522,4.2
sti,Men Printed Round Neck Polyester Multicolor T-Shirt,₹999,85% off,₹149,3.9
PUMA,Men Solid Polo Neck Pure Cotton White T-Shirt,"₹1,699",65% off,₹589,4
AUSK,"Men Striped Polo Neck Cotton Blend White, Blue T-Shirt","₹1,499",84% off,₹239,3.8
Stelino,Pack of 2 Men Printed Round Neck Pure Cotton Multicolor T-Shirt,"₹1,199",68% off,₹373,3.7
E-MAX,Men Printed Round Neck Polyester Blue T-Shirt,"₹1,299",76% off,₹299,4
Lauren Adams,"Men Colorblock Round Neck Pure Cotton White, Navy Blue T-Shirt","₹1,499",77% off,₹339,4
KAJARU,"Pack of 2 Men Printed Round Neck Polyester Pink, Dark Green T-Shirt","₹1,899",84% off,₹299,3.8
TRIPR,Men Colorblock V Neck Cotton Blend Multicolor T-Shirt,"₹1,999",88% off,₹239,4
EyeBogler,Men Striped Polo Neck Cotton Blend Multicolor T-Shirt,"₹1,299",80% off,₹249,4
VeBNoR,"Pack of 4 Men Solid Round Neck Polyester Black, Blue, Grey T-Shirt",₹999,62% off,₹379,4
TRIPR,Men Solid Mandarin Collar Cotton Blend Multicolor T-Shirt,"₹1,999",86% off,₹279,3.8
dhaari by unique creation,Men Printed Mandarin Collar Polyester Navy Blue T-Shirt,"₹1,299",80% off,₹249,4
TRIPR,Men Colorblock V Neck Cotton Blend Green T-Shirt,"₹1,999",88% off,₹239,4
AUSK,"Men Colorblock Polo Neck Cotton Blend Red, Black, White T-Shirt","₹1,499",80% off,₹299,3.8
FTX,Pack of 4 Men Solid Round Neck Polyester Multicolor T-Shirt,"₹1,499",74% off,₹379,4
PUMA,Men Solid Polo Neck Pure Cotton Grey T-Shirt,"₹1,699",65% off,₹589,4
AUSK,"Men Striped Polo Neck Cotton Blend White, Maroon T-Shirt","₹1,499",84% off,₹239,3.8
AUSK,Men Solid Mandarin Collar Cotton Blend Blue T-Shirt,"₹1,499",84% off,₹239,3.9
FTX,Pack of 4 Men Solid Round Neck Polyester Multicolor T-Shirt,"₹1,499",74% off,₹379,4
PETER ENGLAND,Men Solid Polo Neck Poly Cotton Red T-Shirt,"₹1,099",52% off,₹527,4.2
Leotude,Men Colorblock Polo Neck Cotton Blend Multicolor T-Shirt,"₹1,099",76% off,₹259,3.9
Veirdo,Oversize Men Tie & Dye Round Neck Pure Cotton Multicolor T-Shirt,"₹1,199",72% off,₹329,4.1
TRIPR,Men Colorblock V Neck Cotton Blend Navy Blue T-Shirt,"₹1,999",88% off,₹239,4
TRIPR,Men Solid Mandarin Collar Cotton Blend Multicolor T-Shirt,"₹1,999",86% off,₹279,3.8
VeBNoR,Men Printed Round Neck Polyester Yellow T-Shirt,₹999,77% off,₹229,No Rating
Allen Solly,"Men Colorblock Polo Neck Cotton Blend Blue, White T-Shirt","₹1,199",57% off,₹513,4
ADIDAS,Men Printed Round Neck Pure Cotton Black T-Shirt,"₹1,299",50% off,₹649,3.8
FTX,Pack of 4 Men Solid Round Neck Polyester Multicolor T-Shirt,"₹1,499",74% off,₹379,4
PETER ENGLAND,Men Solid Polo Neck Poly Cotton Pink T-Shirt,"₹1,099",52% off,₹527,4.2
VeBNoR,Men Printed Polo Neck Polyester Grey T-Shirt,₹999,76% off,₹239,3.8
Urbano Fashion,Men Self Design Round Neck Pure Cotton Dark Green T-Shirt,₹999,70% off,₹299,4
Lauren Adams,Men Colorblock Round Neck Pure Cotton Dark Green T-Shirt,"₹1,499",77% off,₹339,4
AUSK,Men Graphic Print Round Neck Cotton Blend Grey T-Shirt,"₹1,499",84% off,₹239,3.7
AUSK,Men Solid Mandarin Collar Cotton Blend Yellow T-Shirt,"₹1,499",84% off,₹239,3.9
JUGULAR,Men Printed Round Neck Pure Cotton Light Green T-Shirt,₹888,73% off,₹239,4
KILLER,Men Solid Polo Neck Cotton Blend Black T-Shirt,"₹1,799",73% off,₹479,4.1
AUSK,Men Solid Mandarin Collar Cotton Blend Yellow T-Shirt,"₹1,499",82% off,₹269,3.8
TRIPR,Men Colorblock V Neck Cotton Blend Green T-Shirt,"₹1,999",88% off,₹229,4
VeBNoR,Men Printed Polo Neck Polyester Green T-Shirt,₹999,76% off,₹239,3.8
Allen Solly,Men Solid Polo Neck Pure Cotton Pink T-Shirt,"₹1,049",59% off,₹430,4.2
VeBNoR,Men Printed Round Neck Polyester Green T-Shirt,₹999,77% off,₹229,3.8
U.S. POLO ASSN.,Men Solid Polo Neck Pure Cotton Maroon T-Shirt,"₹1,699",64% off,₹599,4.4
AUSK,"Men Striped Polo Neck Cotton Blend White, Blue T-Shirt","₹1,499",84% off,₹239,3.8
Stelino,Pack of 2 Men Printed Round Neck Pure Cotton Multicolor T-Shirt,"₹1,199",68% off,₹373,3.7
Jump Cuts,Men Printed Polo Neck Cotton Blend Black T-Shirt,"₹1,999",82% off,₹359,3.8
Jump Cuts,"Men Printed Round Neck Cotton Blend White, Black T-Shirt","₹1,599",84% off,₹249,4
TRIPR,Men Colorblock V Neck Cotton Blend Multicolor T-Shirt,"₹1,999",88% off,₹239,4
TRIPR,Men Colorblock V Neck Cotton Blend Green T-Shirt,"₹1,999",88% off,₹239,4
PETER ENGLAND,Men Solid Polo Neck Poly Cotton Pink T-Shirt,"₹1,099",52% off,₹527,4.2
VeBNoR,Men Printed Polo Neck Polyester Dark Blue T-Shirt,₹999,76% off,₹239,3.9
AUSK,"Men Striped Round Neck Cotton Blend Black, Yellow T-Shirt",₹999,80% off,₹199,3.8
U.S. POLO ASSN.,Men Solid Polo Neck Pure Cotton Maroon T-Shirt,"₹1,699",64% off,₹599,4.4
AUSK,Men Self Design Round Neck Polyester Dark Blue T-Shirt,"₹1,499",82% off,₹269,3.7
AUSK,"Men Colorblock Polo Neck Cotton Blend Red, Black, White T-Shirt","₹1,499",80% off,₹299,3.8
Allen Solly,Men Solid Polo Neck Pure Cotton Pink T-Shirt,"₹1,049",59% off,₹430,4.2
VeBNoR,Men Printed Polo Neck Polyester Green T-Shirt,₹999,76% off,₹239,3.8
TRIPR,Men Colorblock V Neck Cotton Blend Navy Blue T-Shirt,"₹1,999",88% off,₹229,4
ADIDAS,Men Printed Round Neck Pure Cotton Black T-Shirt,"₹1,299",50% off,₹649,3.8
Manlino,Men Printed Round Neck Pure Cotton Black T-Shirt,₹999,73% off,₹269,3.9
U.S. POLO ASSN.,Men Solid Polo Neck Pure Cotton White T-Shirt,"₹1,699",64% off,₹599,4.6
MONKEY BOYS,Pack of 2 Men Solid Round Neck Cotton Blend Multicolor T-Shirt,"₹1,299",80% off,₹259,3.8
Allen Solly,Men Solid Polo Neck Cotton Blend Purple T-Shirt,"₹1,099",52% off,₹522,4.1
FTX,Pack of 4 Men Solid Round Neck Polyester Multicolor T-Shirt,"₹1,499",74% off,₹379,4
AUSK,Men Graphic Print Round Neck Cotton Blend Grey T-Shirt,"₹1,499",84% off,₹239,3.7
METRONAUT By Flipkart,Striped Men Polo Neck Poly Cotton Maroon T-Shirt,"₹1,999",86% off,₹269,3.8
JUGULAR,Men Printed Round Neck Pure Cotton Light Green T-Shirt,₹888,73% off,₹239,4
AUSK,Men Solid Mandarin Collar Cotton Blend Yellow T-Shirt,"₹1,499",84% off,₹239,3.9
AUSK,Men Solid Mandarin Collar Cotton Blend Yellow T-Shirt,"₹1,499",82% off,₹269,3.8
Jump Cuts,"Men Printed Round Neck Cotton Blend White, Black T-Shirt","₹1,599",84% off,₹249,4
KILLER,Men Solid Polo Neck Cotton Blend Black T-Shirt,"₹1,799",73% off,₹479,4.1
Reya,Men Striped Round Neck Cotton Blend Blue T-Shirt,"₹1,499",84% off,₹234,3.9
Smartees,Men Printed Round Neck Cotton Blend Black T-Shirt,"₹1,299",92% off,₹99,3.7
ADIDAS,IN SMU 3S PL Men Striped Polo Neck Pure Cotton Blue T-Shirt,"₹1,799",44% off,₹999,4.1
Red Tape,Men Solid Round Neck Polyester Black T-Shirt,"₹2,599",80% off,₹519,4.4
KAJARU,TSRT-03-MAROON Men Printed Round Neck Polyester Maroon T-Shirt,"₹1,399",86% off,₹189,3.8
PETER ENGLAND,Men Striped Polo Neck Cotton Blend Dark Blue T-Shirt,"₹1,299",54% off,₹597,4
TRIPR,Men Colorblock V Neck Cotton Blend Green T-Shirt,"₹1,999",88% off,₹229,4
AUSK,"Men Striped Polo Neck Cotton Blend White, Blue T-Shirt","₹1,499",84% off,₹239,3.8
FTX,Pack of 4 Men Solid Round Neck Polyester Multicolor T-Shirt,"₹2,499",82% off,₹449,4.1
EyeBogler,Men Solid Polo Neck Cotton Blend Black T-Shirt,"₹2,499",90% off,₹239,3.7
KAJARU,"Pack of 2 Men Printed Round Neck Polyester Pink, Dark Green T-Shirt","₹1,899",84% off,₹299,3.8
PUMA,Men Solid Polo Neck Pure Cotton Red T-Shirt,"₹1,699",65% off,₹589,4
Stelino,Pack of 2 Men Printed Round Neck Pure Cotton Multicolor T-Shirt,"₹1,199",68% off,₹373,3.7
AUSK,Men Printed Round Neck Cotton Blend Black T-Shirt,"₹1,499",84% off,₹239,3.5
FTX,Pack of 4 Men Solid Round Neck Polyester Multicolor T-Shirt,"₹1,499",74% off,₹379,4
Allen Solly,Men Colorblock Polo Neck Cotton Blend Maroon T-Shirt,"₹1,199",57% off,₹509,4.2
TRIPR,Men Colorblock V Neck Cotton Blend Multicolor T-Shirt,"₹1,999",88% off,₹239,4
TRIPR,Men Colorblock V Neck Cotton Blend Green T-Shirt,"₹1,999",88% off,₹239,4
Leotude,"Men Printed, Typography Round Neck Cotton Blend Orange T-Shirt","₹1,099",76% off,₹259,4
E-MAX,Men Printed Round Neck Polyester Light Green T-Shirt,"₹1,299",76% off,₹299,4.1
DyrectDeals,Men Colorblock Polo Neck Poly Cotton Yellow T-Shirt,"₹1,299",78% off,₹279,4
PUMA,Ms Ess Men Solid Polo Neck Pure Cotton Grey T-Shirt,"₹1,699",65% off,₹589,4.1
AUSK,"Men Colorblock Polo Neck Cotton Blend Red, Black, White T-Shirt","₹1,499",80% off,₹299,3.8
AUSK,Men Solid Mandarin Collar Cotton Blend Blue T-Shirt,"₹1,499",84% off,₹239,3.9
Leotude,Men Printed Round Neck Cotton Blend Red T-Shirt,"₹1,099",76% off,₹259,4
The Indian Garage Co.,Men Solid Polo Neck Cotton Blend Blue T-Shirt,"₹1,549",74% off,₹388,4
TRIPR,Men Colorblock V Neck Cotton Blend Navy Blue T-Shirt,"₹1,999",88% off,₹239,4
ADIDAS,Men Printed Round Neck Pure Cotton Black T-Shirt,"₹1,299",50% off,₹649,3.8
FTX,Pack of 4 Men Solid Round Neck Polyester Multicolor T-Shirt,"₹1,499",74% off,₹379,4
UNIBERRY,Men Striped Polo Neck Cotton Blend Maroon T-Shirt,"₹1,499",74% off,₹389,4.2
AUSK,"Men Printed Round Neck Cotton Blend White, Blue, Grey T-Shirt",₹999,80% off,₹199,4
Allen Solly,Men Solid Polo Neck Cotton Blend Yellow T-Shirt,"₹1,099",60% off,₹439,4.3
TRIPR,Men Solid Mandarin Collar Cotton Blend Multicolor T-Shirt,"₹1,999",86% off,₹279,3.8
FTX,Pack of 4 Men Solid Round Neck Polyester Multicolor T-Shirt,"₹1,499",74% off,₹379,4
zenfit,Men Colorblock Hooded Neck Polyester Red T-Shirt,₹999,70% off,₹299,4.2
VAN HEUSEN,Men Solid Polo Neck Poly Cotton White T-Shirt,"₹1,299",59% off,₹532,4
AUSK,Men Solid Mandarin Collar Cotton Blend Yellow T-Shirt,"₹1,499",84% off,₹239,3.9
AUSK,Men Solid Mandarin Collar Cotton Blend Yellow T-Shirt,"₹1,499",82% off,₹269,3.8
Madfrog,Men Solid Round Neck Cotton Blend Drop Shoulder Oversized T-shirt Men Solid Round Neck Cotton Blend Black T-Shirt,₹999,77% off,₹229,3.8
Allen Solly,Men Solid Polo Neck Pure Cotton Blue T-Shirt,"₹1,099",52% off,₹522,4.2
AUSK,"Men Colorblock Polo Neck Cotton Blend Beige, Black, White T-Shirt","₹1,499",80% off,₹299,3.8
ADIDAS,Men Solid Polo Neck Cotton Blend Black T-Shirt,"₹1,799",50% off,₹899,3.9
TRIPR,Men Colorblock V Neck Cotton Blend Green T-Shirt,"₹1,999",88% off,₹229,4
AUSK,"Men Striped Polo Neck Cotton Blend White, Blue T-Shirt","₹1,499",84% off,₹239,3.8
JUGULAR,Men Printed Round Neck Pure Cotton Orange T-Shirt,₹888,73% off,₹239,4
U.S. POLO ASSN.,Men Solid Polo Neck Cotton Blend Yellow T-Shirt,"₹1,499",60% off,₹599,4.3
Stelino,Pack of 2 Men Printed Round Neck Pure Cotton Multicolor T-Shirt,"₹1,199",68% off,₹373,3.7
ADIDAS,Men Printed Polo Neck Polyester Black T-Shirt,"₹1,499",50% off,₹749,3.5
BUKKL,Men Printed Round Neck Pure Cotton Light Green T-Shirt,"₹1,999",82% off,₹349,4
sti,Men Printed Round Neck Polyester Multicolor T-Shirt,₹999,85% off,₹149,3.9
JUGULAR,Men Printed Round Neck Pure Cotton Black T-Shirt,₹888,73% off,₹239,4
DUCATI,Men Solid Round Neck Cotton Blend Black T-Shirt,"₹1,799",67% off,₹593,4
London Hills,"Pack of 3 Men Solid Round Neck Cotton Blend Dark Blue, Dark Green, Black T-Shirt","₹3,897",87% off,₹499,4
BUKKL,Men Printed Round Neck Pure Cotton White T-Shirt,"₹1,999",86% off,₹279,4
Veirdo,"Oversized Men Printed, Typography Round Neck Pure Cotton Beige T-Shirt","₹1,199",72% off,₹329,4.1
TQH,"Pack of 2 TQH Solid Men Round Neck Sleeveless Black, Light Grey T-Shirt Men Solid Round Neck Polyester Black, Grey T-Shirt","₹1,998",86% off,₹279,4.2
TRIPR,Men Colorblock V Neck Cotton Blend Multicolor T-Shirt,"₹1,999",88% off,₹239,4
TRIPR,Men Colorblock V Neck Cotton Blend Green T-Shirt,"₹1,999",88% off,₹239,4
Allen Solly,Men Solid Polo Neck Cotton Blend Multicolor T-Shirt,"₹1,049",60% off,₹419,4.2
WROGN,Men Solid Polo Neck Pure Cotton White T-Shirt,"₹1,199",58% off,₹499,4.1
TECHNOSPORT,Men Solid Round Neck Polyester White T-Shirt,₹299,N/A,₹298,4.2
AUSK,"Men Striped Polo Neck Cotton Blend Dark Blue, Light Blue T-Shirt","₹1,499",84% off,₹239,3.8
AUSK,"Men Colorblock Polo Neck Cotton Blend Red, Black, White T-Shirt","₹1,499",80% off,₹299,3.8
AUSK,Men Solid Mandarin Collar Cotton Blend Blue T-Shirt,"₹1,499",84% off,₹239,3.9
The Indian Garage Co.,Men Solid Polo Neck Cotton Blend Pink T-Shirt,"₹1,549",74% off,₹388,4
AUSK,"Men Printed Round Neck Cotton Blend White, Blue, Grey T-Shirt",₹999,80% off,₹199,4
TRIPR,Men Colorblock V Neck Cotton Blend Navy Blue T-Shirt,"₹1,999",88% off,₹239,4
ADIDAS,Men Printed Round Neck Pure Cotton Black T-Shirt,"₹1,299",50% off,₹649,3.8
Jump Cuts,"Men Printed, Typography Round Neck Cotton Blend Maroon T-Shirt","₹1,199",79% off,₹249,3.9
Allen Solly,Men Solid Polo Neck Cotton Blend Red T-Shirt,"₹1,099",60% off,₹439,4.1
Leotude,Men Printed Round Neck Cotton Blend Blue T-Shirt,"₹1,099",76% off,₹259,4
SYM,Pack of 5 Men Solid Round Neck Polyester Multicolor T-Shirt,"₹1,599",74% off,₹409,3.9
TRIPR,Men Solid Mandarin Collar Cotton Blend Multicolor T-Shirt,"₹1,999",86% off,₹279,3.8
FTX,Pack of 4 Men Solid Round Neck Polyester Multicolor T-Shirt,"₹1,499",74% off,₹379,4
Leotude,Men Printed Round Neck Cotton Blend Brown T-Shirt,"₹1,099",76% off,₹259,3.9
WROGN,Men Solid Polo Neck Pure Cotton Black T-Shirt,"₹1,199",58% off,₹499,4.1
AUSK,Men Solid Mandarin Collar Cotton Blend Yellow T-Shirt,"₹1,499",84% off,₹239,3.9
AUSK,Men Solid Mandarin Collar Cotton Blend Yellow T-Shirt,"₹1,499",82% off,₹269,3.8
U.S. POLO ASSN.,Men Solid Polo Neck Pure Cotton Black T-Shirt,"₹1,499",60% off,₹599,4.2
BLIVE,"Men Printed Round Neck Cotton Blend Black, White T-Shirt","₹1,999",89% off,₹219,3.9
AUSK,"Men Colorblock Polo Neck Cotton Blend Dark Green, Black, Yellow T-Shirt","₹1,499",80% off,₹299,3.8
Y.O.U - Youth Original Unique,Men Solid Polo Neck Pure Cotton White T-Shirt,₹799,47% off,₹417,4.1
TRIPR,Men Colorblock V Neck Cotton Blend Green T-Shirt,"₹1,999",88% off,₹229,4
AUSK,"Men Striped Polo Neck Cotton Blend White, Blue T-Shirt","₹1,499",84% off,₹239,3.8
NB NICKY BOY,Men Printed Round Neck Cotton Blend Pink T-Shirt,₹666,70% off,₹199,4
PUMA,Ms Ess Men Solid Polo Neck Pure Cotton Black T-Shirt,"₹1,699",60% off,₹679,4.2
Stelino,Pack of 2 Men Printed Round Neck Pure Cotton Multicolor T-Shirt,"₹1,199",68% off,₹373,3.7
ADIDAS,Men Printed Polo Neck Polyester Black T-Shirt,"₹1,499",50% off,₹749,3.5
TRIPR,Men Printed Hooded Neck Cotton Blend Black T-Shirt,"₹1,399",82% off,₹249,4.1
NB NICKY BOY,Men Printed Hooded Neck Cotton Blend Black T-Shirt,₹666,70% off,₹199,3.9
EyeBogler,"Men Checkered Polo Neck Cotton Blend White, Blue T-Shirt","₹1,299",80% off,₹259,3.9
Jump Cuts,Men Printed Hooded Neck Cotton Blend Black T-Shirt,"₹1,599",84% off,₹249,3.9
London Hills,"Pack of 3 Men Solid Round Neck Cotton Blend Dark Blue, Dark Green, Black T-Shirt","₹3,897",87% off,₹499,4
BUKKL,Men Printed Round Neck Pure Cotton White T-Shirt,"₹1,999",86% off,₹279,4
UrGear,Men Solid Round Neck Pure Cotton Beige T-Shirt,"₹1,999",88% off,₹229,3.9
KAJARU,"Men Printed Round Neck Polyester Black, White T-Shirt","₹1,399",89% off,₹149,3.9
KAJARU,"Pack of 2 Men Printed Round Neck Polyester Pink, Dark Green T-Shirt","₹1,899",84% off,₹299,3.8
TRIPR,Men Colorblock V Neck Cotton Blend Multicolor T-Shirt,"₹1,999",88% off,₹239,4
PUMA,Men Solid Polo Neck Pure Cotton Blue T-Shirt,"₹1,699",65% off,₹589,4
TECHNOSPORT,Men Solid Round Neck Polyester White T-Shirt,₹299,N/A,₹298,4.2
Allen Solly,Men Solid Polo Neck Cotton Blend Red T-Shirt,"₹1,099",60% off,₹439,4.1
NB NICKY BOY,Men Printed Round Neck Cotton Blend Pink T-Shirt,₹666,70% off,₹199,4
TRIPR,Men Colorblock V Neck Cotton Blend Green T-Shirt,"₹1,999",88% off,₹239,4
AUSK,Men Self Design Round Neck Polyester Dark Blue T-Shirt,"₹1,499",82% off,₹269,3.7
N/A,N/A,N/A,N/A,N/A,No Rating
WROGN,Men Solid Polo Neck Pure Cotton Black T-Shirt,"₹1,199",58% off,₹499,4.1
AUSK,"Men Colorblock Polo Neck Cotton Blend Red, Black, White T-Shirt","₹1,499",80% off,₹299,3.8
TRIPR,Men Colorblock V Neck Cotton Blend Navy Blue T-Shirt,"₹1,999",88% off,₹229,4
AUSK,"Men Printed Round Neck Cotton Blend White, Blue, Grey T-Shirt",₹999,80% off,₹199,4
JUGULAR,Men Printed Round Neck Pure Cotton Black T-Shirt,₹888,73% off,₹239,4
VeBNoR,Men Printed Round Neck Polyester Grey T-Shirt,₹999,80% off,₹199,4
AJOLLI,Men Solid Polo Neck Polyester Maroon T-Shirt,₹999,76% off,₹235,3.7
TRIPR,Men Solid Mandarin Collar Cotton Blend Multicolor T-Shirt,"₹1,999",86% off,₹279,3.8
ADIDAS,Men Printed Round Neck Pure Cotton Black T-Shirt,"₹1,299",50% off,₹649,3.8
DUKE,Men Solid Polo Neck Cotton Blend Purple T-Shirt,₹999,40% off,₹599,4.1
Y.O.U - Youth Original Unique,Men Solid Polo Neck Pure Cotton White T-Shirt,₹799,47% off,₹417,4.1
FTX,Pack of 4 Men Solid Round Neck Polyester Multicolor T-Shirt,"₹1,499",74% off,₹379,4
AUSK,Men Graphic Print Round Neck Cotton Blend Grey T-Shirt,"₹1,499",84% off,₹239,3.7
KILLER,Men Solid Polo Neck Cotton Blend Yellow T-Shirt,"₹1,799",73% off,₹479,4.1
PETER ENGLAND,Men Striped Polo Neck Poly Cotton Blue T-Shirt,"₹1,399",56% off,₹615,3.3
U.S. Polo Assn. Denim Co.,Men Colorblock Polo Neck Pure Cotton Light Green T-Shirt,"₹1,899",60% off,₹749,4.2
TRIPR,Men Solid Mandarin Collar Cotton Blend Black T-Shirt,"₹1,999",90% off,₹189,3.8
AUSK,Men Solid Mandarin Collar Cotton Blend Yellow T-Shirt,"₹1,499",84% off,₹239,3.9
AUSK,Men Solid Mandarin Collar Cotton Blend Yellow T-Shirt,"₹1,499",82% off,₹269,3.8
Magneto,Men Printed Round Neck Pure Cotton White T-Shirt,₹999,63% off,₹369,4
dhaari by unique creation,Men Printed Mandarin Collar Polyester White T-Shirt,"₹1,299",80% off,₹249,4
Red Tape,Men Solid Round Neck Polyester Black T-Shirt,"₹2,599",80% off,₹519,4.4
TRIPR,Men Colorblock V Neck Cotton Blend Green T-Shirt,"₹1,999",88% off,₹229,4
UNIBERRY,Men Striped Polo Neck Cotton Blend Light Blue T-Shirt,"₹1,499",74% off,₹389,4
dhaari by unique creation,Men Sporty Mandarin Collar Polyester White T-Shirt,"₹1,299",80% off,₹249,4
NB NICKY BOY,Men Printed Hooded Neck Cotton Blend Black T-Shirt,₹666,70% off,₹199,3.9
FTX,"Pack of 2 Men Solid Round Neck Polyester Dark Blue, Black T-Shirt",₹799,63% off,₹289,4.1
AUSK,"Men Striped Polo Neck Cotton Blend White, Blue T-Shirt","₹1,499",84% off,₹239,3.8
ADIDAS,Men Solid Polo Neck Cotton Blend Blue T-Shirt,"₹1,499",13% off,"₹1,299",4
KAJARU,"Men Printed Round Neck Polyester Black, White T-Shirt","₹1,399",89% off,₹149,3.9
MANIAC,"Oversized Men Typography, Colorblock Round Neck Pure Cotton Multicolor T-Shirt","₹1,659",79% off,₹339,4
TRIPR,Men Colorblock V Neck Cotton Blend Multicolor T-Shirt,"₹1,999",88% off,₹239,4
TRIPR,Men Colorblock V Neck Cotton Blend Green T-Shirt,"₹1,999",88% off,₹239,4
UrGear,Men Solid Round Neck Pure Cotton Black T-Shirt,"₹1,999",88% off,₹229,3.9
AUSK,"Men Striped Polo Neck Cotton Blend Black, Grey T-Shirt","₹1,499",84% off,₹239,3.8
DUCATI,Men Solid Round Neck Cotton Blend Red T-Shirt,"₹1,799",67% off,₹593,4
TRIPR,Men Colorblock V Neck Cotton Blend Navy Blue T-Shirt,"₹1,999",88% off,₹229,4
AUSK,"Men Colorblock Polo Neck Cotton Blend Red, Black, White T-Shirt","₹1,499",80% off,₹299,3.8
AUSK,Men Solid Mandarin Collar Cotton Blend Blue T-Shirt,"₹1,499",84% off,₹239,3.9
AUSK,"Men Checkered Polo Neck Cotton Blend Dark Blue, White T-Shirt","₹1,499",84% off,₹239,3.7
TRIPR,"Men Solid Mandarin Collar Cotton Blend Brown, Black T-Shirt","₹1,999",87% off,₹249,3.8
TRIPR,Men Colorblock V Neck Cotton Blend Navy Blue T-Shirt,"₹1,999",88% off,₹239,4
ADIDAS,Men Printed Round Neck Pure Cotton Black T-Shirt,"₹1,299",50% off,₹649,3.8
UNIBERRY,Men Striped Polo Neck Cotton Blend Light Blue T-Shirt,"₹1,499",74% off,₹389,4
Hikaru,"Men Printed, Typography Round Neck Cotton Blend Purple T-Shirt",₹999,76% off,₹239,3.7
U.S. POLO ASSN.,Men Solid Polo Neck Pure Cotton Green T-Shirt,"₹1,899",60% off,₹749,4.3
KAJARU,"Pack of 2 Men Printed Round Neck Polyester Pink, Grey T-Shirt","₹1,899",84% off,₹299,3.8
TRIPR,Men Solid Mandarin Collar Cotton Blend Multicolor T-Shirt,"₹1,999",86% off,₹279,3.8
FTX,Pack of 4 Men Solid Round Neck Polyester Multicolor T-Shirt,"₹1,499",74% off,₹379,4
Louis Philippe Jeans,Men Printed Polo Neck Pure Cotton White T-Shirt,"₹1,699",50% off,₹849,4.3
Allen Solly,Men Solid Polo Neck Cotton Blend Blue T-Shirt,"₹1,099",60% off,₹439,4.1
AUSK,Men Solid Mandarin Collar Cotton Blend Yellow T-Shirt,"₹1,499",84% off,₹239,3.9
AUSK,Men Solid Mandarin Collar Cotton Blend Yellow T-Shirt,"₹1,499",82% off,₹269,3.8
Arrow Sport,Men Printed Polo Neck Cotton Blend Yellow T-Shirt,"₹1,499",63% off,₹554,4.1
Aman Textile,Men Printed Round Neck Pure Cotton Black T-Shirt,"₹1,499",84% off,₹237,4
BlueFicus,Men's Tshirt Men Printed Round Neck Cotton Blend Yellow T-Shirt,₹999,58% off,₹419,4.1
JUGULAR,Men Printed Round Neck Pure Cotton Red T-Shirt,₹888,73% off,₹239,3.9
TRIPR,Men Colorblock V Neck Cotton Blend Green T-Shirt,"₹1,999",88% off,₹229,4
AUSK,"Men Striped Polo Neck Cotton Blend White, Blue T-Shirt","₹1,499",84% off,₹239,3.8
U.S. POLO ASSN.,Men Solid Polo Neck Pure Cotton Green T-Shirt,"₹1,999",47% off,"₹1,049",4.2
TRIPR,Men Colorblock V Neck Cotton Blend Green T-Shirt,"₹1,999",88% off,₹229,4
Stelino,Pack of 2 Men Printed Round Neck Pure Cotton Multicolor T-Shirt,"₹1,199",68% off,₹373,3.7
ADIDAS,Men Printed Polo Neck Polyester Black T-Shirt,"₹1,499",50% off,₹749,3.5
Magneto,"Men Printed, Typography Round Neck Pure Cotton Yellow T-Shirt","₹1,299",76% off,₹299,4
3BROS,Men Solid Polo Neck Cotton Blend Pink T-Shirt,₹999,70% off,₹299,4.1
Kyk,Men Solid Round Neck Polyester Black T-Shirt,₹749,68% off,₹239,4
Louis Philippe Jeans,Men Solid Polo Neck Pure Cotton Navy Blue T-Shirt,"₹1,999",50% off,₹999,3.9
BUKKL,Men Printed Round Neck Pure Cotton White T-Shirt,"₹1,999",86% off,₹279,4
FTX,Pack of 4 Men Solid Round Neck Polyester Multicolor T-Shirt,"₹2,499",82% off,₹449,4.1
London Hills,"Pack of 3 Men Solid Round Neck Cotton Blend Dark Blue, Dark Green, Black T-Shirt","₹3,897",87% off,₹499,4
Reya,Men Striped Round Neck Cotton Blend Maroon T-Shirt,"₹1,499",84% off,₹234,3.9
KAJARU,"Pack of 2 Men Printed Round Neck Polyester Pink, Dark Green T-Shirt","₹1,899",84% off,₹299,3.8
TRIPR,Men Colorblock V Neck Cotton Blend Multicolor T-Shirt,"₹1,999",88% off,₹239,4
U.S. POLO ASSN.,Men Solid Polo Neck Pure Cotton Black T-Shirt,"₹1,699",64% off,₹599,4.3
Louis Philippe Sport,Men Solid Polo Neck Cotton Blend Maroon T-Shirt,"₹1,599",47% off,₹847,4.2
Leotude,"Men Printed, Typography Round Neck Cotton Blend Beige T-Shirt","₹1,099",76% off,₹259,4
U.S. POLO ASSN.,Men Solid Polo Neck Pure Cotton Blue T-Shirt,"₹1,699",64% off,₹599,4.2
TRIPR,Men Colorblock V Neck Cotton Blend Green T-Shirt,"₹1,999",88% off,₹239,4
AUSK,"Men Colorblock Polo Neck Cotton Blend Red, Black, White T-Shirt","₹1,499",80% off,₹299,3.8
WROGN,Men Solid Polo Neck Pure Cotton Red T-Shirt,"₹1,199",58% off,₹499,4.1
Madfrog,Men Solid Round Neck Polyester Green T-Shirt,₹999,77% off,₹229,3.8
AUSK,Men Solid Mandarin Collar Cotton Blend Blue T-Shirt,"₹1,499",84% off,₹239,3.9
TRIPR,Men Colorblock V Neck Cotton Blend Navy Blue T-Shirt,"₹1,999",88% off,₹239,4
U.S. POLO ASSN.,Men Solid Polo Neck Pure Cotton Blue T-Shirt,"₹1,899",60% off,₹749,4.3
XYXX,Pack of 1 Pace Intellieaze Men Solid Crew Neck Pure Cotton White T-Shirt,₹449,33% off,₹299,4
EyeBogler,Eyebogler Loose fit Hooded Mens T-shirt Men Printed Hooded Neck Cotton Blend Red T-Shirt,"₹1,299",81% off,₹239,4.2
VeBNoR,Men Printed Round Neck Polyester Grey T-Shirt,₹999,80% off,₹199,4
ADIDAS,Men Printed Round Neck Pure Cotton Black T-Shirt,"₹1,299",50% off,₹649,3.8
FTX,Pack of 4 Men Solid Round Neck Polyester Multicolor T-Shirt,"₹1,499",74% off,₹379,4
Louis Philippe Jeans,Men Solid Polo Neck Pure Cotton Black T-Shirt,"₹1,499",47% off,₹794,4.2
Allen Solly,Men Solid Polo Neck Cotton Blend Grey T-Shirt,"₹1,199",52% off,₹569,4.3
AUSK,Men Graphic Print Round Neck Cotton Blend Grey T-Shirt,"₹1,499",84% off,₹239,3.7
AUSK,Men Solid Mandarin Collar Cotton Blend Yellow T-Shirt,"₹1,499",84% off,₹239,3.9
PUMA,ACTIVE Big Logo Tee Men Printed Round Neck Polyester White T-Shirt,"₹1,799",65% off,₹629,4.1
Manlino,Men Printed Round Neck Pure Cotton Black T-Shirt,₹999,73% off,₹269,4.1
Allen Solly,Men Solid Polo Neck Cotton Blend Red T-Shirt,"₹1,299",60% off,₹519,4.4
VeBNoR,Men Printed Polo Neck Polyester Pink T-Shirt,₹999,76% off,₹239,3.8
AUSK,Men Solid Mandarin Collar Cotton Blend Yellow T-Shirt,"₹1,499",82% off,₹269,3.8
TRIPR,Men Colorblock V Neck Cotton Blend Green T-Shirt,"₹1,999",88% off,₹229,4
PUMA,Rebel Tee 5 Continents Men Printed Round Neck Cotton Blend Black T-Shirt,"₹1,799",65% off,₹629,4.3
WROGN,Men Solid Round Neck Cotton Blend Black T-Shirt,₹899,51% off,₹439,4.3
Stelino,Pack of 2 Men Printed Round Neck Pure Cotton Multicolor T-Shirt,"₹1,199",68% off,₹373,3.7
AUSK,"Men Striped Polo Neck Cotton Blend White, Blue T-Shirt","₹1,499",84% off,₹239,3.8
Allen Solly,Men Printed Polo Neck Poly Cotton Green T-Shirt,"₹1,599",60% off,₹639,4.1
We Perfect,Men Printed Polo Neck Cotton Blend Grey T-Shirt,₹999,72% off,₹279,3.9
PUMA,Men Solid Round Neck Pure Cotton Blue T-Shirt,₹999,56% off,₹439,4.4
EyeBogler,Men Printed Polo Neck Cotton Blend Maroon T-Shirt,"₹2,499",89% off,₹259,3.8
London Hills,"Pack of 3 Men Solid Round Neck Cotton Blend Dark Blue, Dark Green, Black T-Shirt","₹3,897",87% off,₹499,4
BUKKL,Men Printed Round Neck Pure Cotton White T-Shirt,"₹1,999",86% off,₹279,4
EyeBogler,"Men Printed Hooded Neck Cotton Blend Black, Grey T-Shirt","₹1,299",78% off,₹279,4
VeBNoR,Men Printed Polo Neck Polyester Grey T-Shirt,₹999,76% off,₹239,3.9
KAJARU,"Pack of 2 Men Printed Round Neck Polyester Pink, Dark Green T-Shirt","₹1,899",84% off,₹299,3.8
TRIPR,Men Colorblock V Neck Cotton Blend Green T-Shirt,"₹1,999",88% off,₹239,4
TRIPR,Men Colorblock V Neck Cotton Blend Multicolor T-Shirt,"₹1,999",88% off,₹239,4
Louis Philippe Sport,Men Solid Polo Neck Cotton Blend Black T-Shirt,"₹1,599",47% off,₹847,4.3
WROGN,Men Solid Polo Neck Pure Cotton Light Blue T-Shirt,"₹1,199",58% off,₹499,4.1
Alan Jones,Men Solid Polo Neck Poly Cotton Maroon T-Shirt,₹999,56% off,₹439,4
AUSK,"Men Colorblock Polo Neck Cotton Blend Red, Black, White T-Shirt","₹1,499",80% off,₹299,3.8
AUSK,Men Solid Mandarin Collar Cotton Blend Blue T-Shirt,"₹1,499",84% off,₹239,3.9
KAJARU,"Pack of 2 Men Striped Round Neck Polyester Light Blue, Green T-Shirt","₹1,899",84% off,₹299,3.9
Reya,Men Striped Round Neck Cotton Blend Black T-Shirt,"₹1,499",84% off,₹234,3.9
TRIPR,Men Colorblock V Neck Cotton Blend Navy Blue T-Shirt,"₹1,999",88% off,₹239,4
TRIPR,Men Solid Mandarin Collar Cotton Blend Multicolor T-Shirt,"₹1,999",86% off,₹279,3.8
AUSK,Men Solid Mandarin Collar Cotton Blend Yellow T-Shirt,"₹1,499",84% off,₹239,3.9
U.S. POLO ASSN.,Men Striped Polo Neck Pure Cotton White T-Shirt,"₹1,799",58% off,₹749,4.4
ZEN1FASHION,Men Printed Round Neck Pure Cotton Black T-Shirt,"₹1,999",87% off,₹249,3.8
AJOLLI,Men Solid Polo Neck Polyester Green T-Shirt,₹999,76% off,₹235,3.7
ADIDAS,Men Printed Round Neck Pure Cotton Black T-Shirt,"₹1,299",50% off,₹649,3.8
FTX,Pack of 4 Men Solid Round Neck Polyester Multicolor T-Shirt,"₹1,499",74% off,₹379,4
The Indian Garage Co.,Men Solid Polo Neck Cotton Blend Blue T-Shirt,"₹1,549",74% off,₹388,4
The Indian Garage Co.,Men Solid Polo Neck Cotton Blend Red T-Shirt,"₹1,549",74% off,₹388,4
AUSK,Men Graphic Print Round Neck Cotton Blend Grey T-Shirt,"₹1,499",84% off,₹239,3.7
AUSK,Men Solid Mandarin Collar Cotton Blend Yellow T-Shirt,"₹1,499",84% off,₹239,3.9
Jump Cuts,"Men Printed, Typography Round Neck Cotton Blend Black T-Shirt","₹1,199",80% off,₹229,4
SM SHAYAM CREATION,Pack of 4 Men Printed Round Neck Polyester Multicolor T-Shirt,"₹1,599",76% off,₹379,4
Veirdo,Oversized Men Solid Round Neck Pure Cotton Black T-Shirt,"₹1,099",72% off,₹300,3.9
PETER ENGLAND,Men Printed Polo Neck Cotton Blend Maroon T-Shirt,₹999,38% off,₹615,4.1
AUSK,Men Solid Mandarin Collar Cotton Blend Yellow T-Shirt,"₹1,499",82% off,₹269,3.8
TRIPR,Men Colorblock V Neck Cotton Blend Green T-Shirt,"₹1,999",88% off,₹229,4
AUSK,"Men Striped Round Neck Cotton Blend Black, Yellow T-Shirt",₹999,80% off,₹199,3.8
Modern Mode Creation,Men Striped High Neck Wool Blend White T-Shirt,₹715,65% off,₹245,3.9
Stelino,Pack of 2 Men Printed Round Neck Pure Cotton Multicolor T-Shirt,"₹1,199",68% off,₹373,3.7
AUSK,"Men Striped Polo Neck Cotton Blend White, Blue T-Shirt","₹1,499",84% off,₹239,3.8
Leotude,Men Printed Round Neck Cotton Blend Maroon T-Shirt,"₹1,099",76% off,₹259,3.9
Black Collection,"Men Colorblock Hooded Neck Cotton Blend Dark Blue, White T-Shirt","₹1,399",73% off,₹369,4.2
KILLER,Men Colorblock Polo Neck Cotton Blend White T-Shirt,"₹1,799",73% off,₹479,4.1
Allen Solly,Men Solid Polo Neck Cotton Blend Green T-Shirt,"₹1,099",60% off,₹439,4.2
London Hills,"Pack of 3 Men Solid Round Neck Cotton Blend Dark Blue, Dark Green, Black T-Shirt","₹3,897",87% off,₹499,4
BUKKL,Men Printed Round Neck Pure Cotton White T-Shirt,"₹1,999",86% off,₹279,4
FTX,"Pack of 2 Men Solid Round Neck Polyester Black, Grey T-Shirt",₹799,63% off,₹289,4.1
XYXX,Pack of 1 Pace Intellieaze Men Solid Crew Neck Pure Cotton Purple T-Shirt,₹449,33% off,₹299,4
KAJARU,"Pack of 2 Men Printed Round Neck Polyester Pink, Dark Green T-Shirt","₹1,899",84% off,₹299,3.8
TRIPR,Men Colorblock V Neck Cotton Blend Multicolor T-Shirt,"₹1,999",88% off,₹239,4
LOUIS PHILIPPE,Men Solid Polo Neck Pure Cotton Blue T-Shirt,"₹1,899",50% off,₹949,4.3
Madfrog,Men Solid Round Neck Polyester Green T-Shirt,₹999,77% off,₹229,3.8
Leotude,Men Printed Round Neck Cotton Blend Maroon T-Shirt,"₹1,099",76% off,₹259,3.9
MISSILLE,"Pack of 4 Men Solid Round Neck Polyester Black, Navy Blue, White, Grey T-Shirt","₹1,699",71% off,₹489,4.1
AUSK,Men Self Design Round Neck Polyester Dark Blue T-Shirt,"₹1,499",82% off,₹269,3.7
AUSK,"Men Colorblock Polo Neck Cotton Blend Red, Black, White T-Shirt","₹1,499",80% off,₹299,3.8
KAJARU,"Men Printed, Typography Round Neck Poly Cotton Pink T-Shirt","₹1,399",85% off,₹199,3.6
THE BEAR HOUSE,Men Solid Polo Neck Pure Cotton Green T-Shirt,"₹1,995",75% off,₹498,4
TRIPR,Men Colorblock V Neck Cotton Blend Navy Blue T-Shirt,"₹1,999",88% off,₹229,4
TRIPR,Men Solid Mandarin Collar Cotton Blend Multicolor T-Shirt,"₹1,999",86% off,₹279,3.8
XYXX,Pack of 1 Pace Intellieaze Men Solid Crew Neck Pure Cotton Purple T-Shirt,₹449,33% off,₹299,4
WROGN,Men Colorblock Polo Neck Cotton Blend Dark Green T-Shirt,"₹1,299",58% off,₹539,4.2
HIGHLANDER,Popcorn Structured Men Solid Round Neck Cotton Blend Black T-Shirt,"₹1,049",71% off,₹299,3.9
Urbano Fashion,Men Solid Mandarin Collar Pure Cotton Pink T-Shirt,"₹1,099",72% off,₹299,3.9
ADIDAS,Men Printed Round Neck Pure Cotton Black T-Shirt,"₹1,299",50% off,₹649,3.8
FTX,Pack of 4 Men Solid Round Neck Polyester Multicolor T-Shirt,"₹1,499",74% off,₹379,4
WROGN,Men Solid Polo Neck Pure Cotton Red T-Shirt,"₹1,199",58% off,₹499,4.1
E-MAX,Men Printed Round Neck Polyester Yellow T-Shirt,"₹1,299",76% off,₹299,4
AUSK,Men Graphic Print Round Neck Cotton Blend Grey T-Shirt,"₹1,499",84% off,₹239,3.7
AUSK,Men Solid Mandarin Collar Cotton Blend Yellow T-Shirt,"₹1,499",82% off,₹269,3.8
WROGN,Men Printed Round Neck Cotton Blend Light Green T-Shirt,₹999,52% off,₹479,4.1
EyeBogler,"Men Striped Polo Neck Cotton Blend White, Blue T-Shirt","₹1,299",80% off,₹249,4
Allen Solly,Men Solid Polo Neck Cotton Blend Green T-Shirt,"₹1,099",60% off,₹439,4.2
Jump Cuts,"Men Printed, Typography Round Neck Cotton Blend Black T-Shirt","₹1,199",80% off,₹229,4
Red Tape,Men Solid Round Neck Polyester Black T-Shirt,"₹2,599",80% off,₹519,4.4
Stelino,Pack of 2 Men Printed Round Neck Pure Cotton Multicolor T-Shirt,"₹1,199",68% off,₹373,3.7
METRONAUT By Flipkart,Colorblock Men Polo Neck Cotton Blend Blue T-Shirt,"₹1,299",75% off,₹319,4.1
Jump Cuts,Men Printed Polo Neck Cotton Blend Dark Blue T-Shirt,"₹1,999",81% off,₹369,3.7
TRIPR,Men Colorblock V Neck Cotton Blend Green T-Shirt,"₹1,999",88% off,₹229,4
AUSK,"Men Striped Polo Neck Cotton Blend White, Blue T-Shirt","₹1,499",84% off,₹239,3.8
Louis Philippe Sport,Men Solid Polo Neck Cotton Blend Green T-Shirt,"₹1,599",50% off,₹799,4.2
Kroptee,Men Colorblock Round Neck Pure Cotton Multicolor T-Shirt,₹999,72% off,₹273,3.8
METRONAUT By Flipkart,Striped Men Polo Neck Poly Cotton White T-Shirt,"₹1,999",86% off,₹269,3.8
PETER ENGLAND,Men Printed Polo Neck Cotton Blend Maroon T-Shirt,"₹1,399",56% off,₹615,4.4
AUSK,Men Printed Round Neck Cotton Blend Black T-Shirt,"₹1,499",84% off,₹239,3.5
ADIDAS,Men Solid Polo Neck Cotton Blend Blue T-Shirt,"₹1,499",13% off,"₹1,299",4
Diversify,Men Striped Round Neck Pure Cotton Yellow T-Shirt,"₹1,499",81% off,₹271,4
KAJARU,"Men Printed Round Neck Polyester Black, Grey T-Shirt","₹1,399",89% off,₹149,3.9
TRIPR,Men Colorblock V Neck Cotton Blend Multicolor T-Shirt,"₹1,999",88% off,₹239,4
TRIPR,Men Colorblock V Neck Cotton Blend Green T-Shirt,"₹1,999",88% off,₹239,4
BUKKL,Men Printed Round Neck Pure Cotton White T-Shirt,"₹1,999",86% off,₹279,4
VeBNoR,Men Printed Round Neck Polyester Dark Green T-Shirt,₹999,77% off,₹229,4.1
Arrow Sport,Men Self Design Polo Neck Cotton Blend Green T-Shirt,"₹1,499",63% off,₹554,4.5
NB NICKY BOY,Men Printed Round Neck Cotton Blend Black T-Shirt,₹666,70% off,₹199,3.8
AUSK,"Men Colorblock Polo Neck Cotton Blend Red, Black, White T-Shirt","₹1,499",80% off,₹299,3.8
AUSK,Men Solid Mandarin Collar Cotton Blend Blue T-Shirt,"₹1,499",84% off,₹239,3.9
FTX,"Pack of 4 Men Solid Round Neck Polyester Light Blue, Blue, Black, Grey T-Shirt","₹1,499",74% off,₹379,4
LOUIS PHILIPPE,Golf Leisure Men Solid Polo Neck Pure Cotton Blue T-Shirt,"₹1,899",50% off,₹949,4.3
TRIPR,Men Colorblock V Neck Cotton Blend Navy Blue T-Shirt,"₹1,999",88% off,₹239,4
ADIDAS,Men Printed Round Neck Pure Cotton Black T-Shirt,"₹1,299",50% off,₹649,3.8
3BROS,Men Striped Polo Neck Cotton Blend (180 gsm) Brown T-Shirt,₹999,70% off,₹299,4
TRIPR,"Men Solid Round Neck Cotton Blend Black, White T-Shirt","₹1,999",90% off,₹199,3.7
METRONAUT By Flipkart,Colorblock Men Polo Neck Cotton Blend Multicolor T-Shirt,"₹1,499",78% off,₹319,3.8
BLIVE,"Men Striped Round Neck Cotton Blend Dark Blue, Grey T-Shirt","₹1,399",83% off,₹229,3.9
FTX,Pack of 4 Men Solid Round Neck Polyester Multicolor T-Shirt,"₹1,499",74% off,₹379,4
AUSK,Men Solid Mandarin Collar Cotton Blend Yellow T-Shirt,"₹1,499",84% off,₹239,3.9
U.S. POLO ASSN.,Men Solid Polo Neck Pure Cotton Pink T-Shirt,"₹1,699",64% off,₹599,4.3
LOUIS PHILIPPE,Men Striped Polo Neck Pure Cotton Multicolor T-Shirt,"₹1,999",50% off,₹999,4.4
AUSK,Men Solid Mandarin Collar Cotton Blend Yellow T-Shirt,"₹1,499",82% off,₹269,3.8
TRIPR,Men Colorblock V Neck Cotton Blend Green T-Shirt,"₹1,999",88% off,₹229,4
PUMA,ACTIVE Soft Tee Men Solid High Neck Cotton Blend Black T-Shirt,"₹1,499",65% off,₹519,3.9
Austivo,Men Printed Polo Neck Cotton Blend Multicolor T-Shirt,"₹1,799",79% off,₹369,4.4
HIGHLANDER,Men Printed Polo Neck Cotton Blend Green T-Shirt,"₹1,749",76% off,₹419,3.9
WROGN,Men Colorblock Polo Neck Cotton Blend Dark Green T-Shirt,"₹1,299",58% off,₹539,4.2
Stelino,Pack of 2 Men Printed Round Neck Pure Cotton Multicolor T-Shirt,"₹1,199",68% off,₹373,3.7
AUSK,"Men Striped Polo Neck Cotton Blend White, Blue T-Shirt","₹1,499",84% off,₹239,3.8
METRONAUT PLUS,Men Solid Polo Neck Cotton Blend Black T-Shirt,"₹1,299",75% off,₹319,3.9
MAX,Men Solid Round Neck Poly Cotton Maroon T-Shirt,N/A,N/A,₹199,4.1
ADIDAS,Men Printed Polo Neck Polyester Black T-Shirt,"₹1,499",50% off,₹749,3.5
London Hills,"Pack of 3 Men Solid Round Neck Cotton Blend Dark Blue, Dark Green, Black T-Shirt","₹3,897",87% off,₹499,4
Jump Cuts,Men Typography Round Neck Cotton Blend Dark Blue T-Shirt,"₹1,519",81% off,₹279,3.8
THE BEAR HOUSE,Men Solid Polo Neck Pure Cotton Green T-Shirt,"₹1,995",75% off,₹498,4
E-MAX,Men Colorblock Crew Neck Polyester Grey T-Shirt,"₹1,299",76% off,₹299,4
dhaari by unique creation,Men Sporty Mandarin Collar Polyester White T-Shirt,"₹1,499",83% off,₹249,4.1
BUKKL,Men Printed Round Neck Pure Cotton White T-Shirt,"₹1,999",86% off,₹279,4
FTX,Pack of 4 Men Solid Round Neck Polyester Multicolor T-Shirt,"₹2,499",82% off,₹449,4.1
Veirdo,Oversized Men Solid Round Neck Pure Cotton Brown T-Shirt,"₹1,099",72% off,₹299,3.9
MISSILLE,"Pack of 4 Men Solid Round Neck Polyester Black, Navy Blue, White, Grey T-Shirt","₹1,699",71% off,₹479,4.1
KAJARU,"Pack of 2 Men Printed Round Neck Polyester Pink, Dark Green T-Shirt","₹1,899",84% off,₹299,3.8
TRIPR,Men Colorblock V Neck Cotton Blend Multicolor T-Shirt,"₹1,999",88% off,₹239,4
3BROS,Men Striped Polo Neck Cotton Blend (180 gsm) Brown T-Shirt,₹999,70% off,₹299,4
Austivo,Men Printed Polo Neck Cotton Blend Multicolor T-Shirt,"₹1,799",79% off,₹369,4.4
E-MAX,Men Colorblock Crew Neck Polyester Grey T-Shirt,"₹1,299",76% off,₹299,4
dhaari by unique creation,Men Sporty Mandarin Collar Polyester White T-Shirt,"₹1,499",83% off,₹249,4.1
TRIPR,Men Colorblock V Neck Cotton Blend Green T-Shirt,"₹1,999",88% off,₹239,4
AUSK,Men Self Design Round Neck Polyester Dark Blue T-Shirt,"₹1,499",82% off,₹269,3.7
MAX,Men Solid Round Neck Poly Cotton Maroon T-Shirt,N/A,N/A,₹199,4.1
U.S. POLO ASSN.,Men Solid Polo Neck Pure Cotton Pink T-Shirt,"₹1,699",64% off,₹599,4.3
AUSK,"Men Colorblock Polo Neck Cotton Blend Red, Black, White T-Shirt","₹1,499",80% off,₹299,3.8
TRIPR,Men Colorblock V Neck Cotton Blend Navy Blue T-Shirt,"₹1,999",88% off,₹229,4
JACK & JONES,Men Solid Polo Neck Cotton Blend White T-Shirt,"₹2,999",30% off,"₹2,099",4
Manlino,Men Printed Round Neck Pure Cotton Black T-Shirt,"₹1,099",75% off,₹269,4.1
Sportinger,Men Solid Round Neck Nylon Black T-Shirt,₹749,68% off,₹239,4
JUGULAR,Men Printed Round Neck Pure Cotton Red T-Shirt,₹888,73% off,₹239,4
ADIDAS,Men Printed Round Neck Pure Cotton Black T-Shirt,"₹1,299",50% off,₹649,3.8
FTX,Pack of 4 Men Solid Round Neck Polyester Multicolor T-Shirt,"₹1,499",74% off,₹379,4
Bullmer,Pack of 2 Men Printed Round Neck Cotton Blend Multicolor T-Shirt,"₹2,998",83% off,₹499,3.8
BLIVE,"Men Striped Round Neck Cotton Blend Dark Blue, Grey T-Shirt","₹1,399",83% off,₹229,3.9
AUSK,Men Solid Mandarin Collar Cotton Blend Yellow T-Shirt,"₹1,499",84% off,₹239,3.9
AUSK,Men Solid Mandarin Collar Cotton Blend Yellow T-Shirt,"₹1,499",82% off,₹269,3.8
PUMA,Men Printed High Neck Cotton Blend Red T-Shirt,"₹1,799",57% off,₹773,4
RIGO,"Men Printed, Typography Round Neck Cotton Blend Black T-Shirt","₹1,099",72% off,₹299,3.8
Raymond,Men Solid Polo Neck Pure Cotton Blue T-Shirt,"₹1,799",63% off,₹665,4.2
PUMA,Ms Ess Men Solid Polo Neck Pure Cotton Yellow T-Shirt,"₹1,699",65% off,₹589,4
Red Tape,Men Solid Round Neck Polyester Black T-Shirt,"₹2,599",80% off,₹519,4.4
Stelino,Pack of 2 Men Printed Round Neck Pure Cotton Multicolor T-Shirt,"₹1,199",68% off,₹373,3.7
WROGN,Men Solid Round Neck Cotton Blend Dark Blue T-Shirt,₹699,51% off,₹339,4.2
Leotude,Men Printed Round Neck Cotton Blend Black T-Shirt,"₹1,099",76% off,₹259,4.1
TRIPR,Men Colorblock V Neck Cotton Blend Green T-Shirt,"₹1,999",88% off,₹229,4
AUSK,"Men Striped Polo Neck Cotton Blend White, Blue T-Shirt","₹1,499",84% off,₹239,3.8
LOUIS PHILIPPE,Active - Knit Men Graphic Print Round Neck Pure Cotton Green T-Shirt,"₹1,153",50% off,₹576,4.3
PUMA,Ms Ess Men Solid Polo Neck Pure Cotton White T-Shirt,"₹1,699",65% off,₹589,4.2
Urbano Fashion,Men Solid Mandarin Collar Pure Cotton Green T-Shirt,"₹1,099",72% off,₹299,3.9
Arrow Sport,Men Solid Polo Neck Cotton Blend Green T-Shirt,"₹1,399",61% off,₹539,4.2
ADIDAS,Men Solid Polo Neck Cotton Blend Blue T-Shirt,"₹1,499",13% off,"₹1,299",4
AUSK,Men Printed Round Neck Cotton Blend Black T-Shirt,"₹1,499",84% off,₹239,3.5
United Colors of Benetton,Men Solid Round Neck Cotton Blend Blue T-Shirt,"₹1,499",66% off,₹499,4.2
LEVI'S,Men Printed Polo Neck Pure Cotton Blue T-Shirt,"₹1,699",58% off,₹699,4
KAJARU,"Pack of 2 Men Printed Round Neck Polyester Pink, Dark Green T-Shirt","₹1,899",84% off,₹299,3.8
TRIPR,Men Colorblock V Neck Cotton Blend Navy Blue T-Shirt,"₹1,999",88% off,₹229,4
Leotude,Men Printed Round Neck Cotton Blend Blue T-Shirt,"₹1,099",76% off,₹259,4
PUMA,Ms Logo Tee Men Printed Round Neck Cotton Blend Green T-Shirt,"₹1,499",57% off,₹644,4.1
UrGear,Men Solid Round Neck Pure Cotton Orange T-Shirt,"₹1,999",88% off,₹229,3.9
Magneto,Men Printed Round Neck Pure Cotton Black T-Shirt,"₹1,299",71% off,₹369,4
TRIPR,Men Solid Mandarin Collar Cotton Blend Multicolor T-Shirt,"₹1,999",86% off,₹279,3.8
ADIDAS,Men Printed Round Neck Pure Cotton Black T-Shirt,"₹1,299",50% off,₹649,3.8
U.S. POLO ASSN.,Men Solid Polo Neck Pure Cotton White T-Shirt,"₹1,499",60% off,₹599,4.2
STYLOGUE,Pack of 2 Men Printed Round Neck Polyester Multicolor T-Shirt,₹999,70% off,₹299,3.8
FTX,Pack of 4 Men Solid Round Neck Polyester Multicolor T-Shirt,"₹1,499",74% off,₹379,4
AUSK,Men Solid Mandarin Collar Cotton Blend Yellow T-Shirt,"₹1,499",84% off,₹239,3.9
Veirdo,Oversized Men Solid Round Neck Pure Cotton Black T-Shirt,"₹1,099",72% off,₹299,3.9
TRIPR,"Men Solid Mandarin Collar Cotton Blend Brown, Black T-Shirt","₹1,999",87% off,₹249,3.8
METRONAUT PLUS,Men Solid Polo Neck Cotton Blend Black T-Shirt,"₹1,299",75% off,₹319,3.9
The Indian Garage Co.,Men Solid Polo Neck Cotton Blend Blue T-Shirt,"₹1,549",74% off,₹388,4
AUSK,Men Solid Mandarin Collar Cotton Blend Yellow T-Shirt,"₹1,499",82% off,₹269,3.8
Stelino,Pack of 2 Men Printed Round Neck Pure Cotton Multicolor T-Shirt,"₹1,199",68% off,₹373,3.7
Jump Cuts,Men Typography Round Neck Cotton Blend Dark Blue T-Shirt,"₹1,519",81% off,₹279,3.8
WROGN,Men Solid Polo Neck Cotton Blend Green T-Shirt,"₹1,299",58% off,₹539,4.2
Red Tape,Men Solid Round Neck Polyester Black T-Shirt,"₹2,599",80% off,₹519,4.4
TRIPR,Men Colorblock V Neck Cotton Blend Green T-Shirt,"₹1,999",88% off,₹229,4
UrGear,Men Solid Polo Neck Pure Cotton Red T-Shirt,"₹2,299",87% off,₹291,4
KILLER,Men Colorblock Polo Neck Cotton Blend Yellow T-Shirt,"₹1,799",73% off,₹479,4.2
Louis Philippe Sport,Men Solid Polo Neck Pure Cotton Beige T-Shirt,"₹1,599",47% off,₹847,4.4
PUMA,CR Team Men Solid Polo Neck Polyester Blue T-Shirt,"₹1,999",65% off,₹699,4
AUSK,"Men Striped Polo Neck Cotton Blend White, Blue T-Shirt","₹1,499",84% off,₹239,3.8
AUSK,Men Printed Round Neck Cotton Blend Black T-Shirt,"₹1,499",84% off,₹239,3.5
UNIBERRY,Men Striped Polo Neck Cotton Blend Dark Blue T-Shirt,"₹1,499",74% off,₹389,4.2
U.S. POLO ASSN.,Men Solid Polo Neck Pure Cotton Black T-Shirt,"₹1,699",64% off,₹599,4.3
ADIDAS,Men Solid Polo Neck Cotton Blend Blue T-Shirt,"₹1,499",13% off,"₹1,299",4
BUKKL,Men Printed Round Neck Pure Cotton White T-Shirt,"₹1,999",86% off,₹279,4
JACK & JONES,Men Solid Polo Neck Cotton Blend Green T-Shirt,"₹1,099",50% off,₹549,3.8
PUMA,Men Solid Polo Neck Cotton Blend Red T-Shirt,"₹1,299",57% off,₹558,4.1
KILLER,Men Solid Polo Neck Cotton Blend Maroon T-Shirt,"₹1,799",73% off,₹479,4.1
Madfrog,Men Solid Round Neck Polyester Dark Green T-Shirt,₹999,77% off,₹229,3.8
London Hills,"Pack of 3 Men Solid Round Neck Cotton Blend Dark Blue, Dark Green, Black T-Shirt","₹3,897",87% off,₹499,4
ADIDAS,Men Printed Polo Neck Polyester Black T-Shirt,"₹1,499",50% off,₹749,3.5
AUSK,Men Solid Mandarin Collar Cotton Blend Black T-Shirt,"₹1,499",84% off,₹239,3.9
BUKKL,Men Printed Round Neck Pure Cotton Black T-Shirt,"₹1,999",86% off,₹279,4
KAJARU,"Pack of 2 Men Printed Round Neck Polyester Pink, Dark Green T-Shirt","₹1,899",84% off,₹299,3.8
TRIPR,Men Colorblock V Neck Cotton Blend Multicolor T-Shirt,"₹1,999",88% off,₹239,4
ADIDAS,Men Solid Polo Neck Cotton Blend Blue T-Shirt,"₹1,799",50% off,₹899,4.2
ADIDAS,Men Sporty Polo Neck Polyester Blue T-Shirt,"₹1,799",50% off,₹899,4.1
E-MAX,Men Colorblock Crew Neck Polyester Light Green T-Shirt,"₹1,299",72% off,₹359,4
LEVI'S,Men Printed Polo Neck Pure Cotton Yellow T-Shirt,"₹1,699",58% off,₹699,3.9
TRIPR,Men Colorblock V Neck Cotton Blend Green T-Shirt,"₹1,999",88% off,₹239,4
AUSK,Men Self Design Round Neck Polyester Dark Blue T-Shirt,"₹1,499",82% off,₹269,3.7
Lux Nitro,Men Solid Polo Neck Pure Cotton Light Green T-Shirt,₹351,29% off,₹249,3.9
JUARI BE A GENTLEMAN,V-WHITE Men Printed Round Neck Pure Cotton White T-Shirt,₹799,50% off,₹399,4.1
AUSK,"Men Colorblock Polo Neck Cotton Blend Red, Black, White T-Shirt","₹1,499",80% off,₹299,3.8
TRIPR,Men Colorblock V Neck Cotton Blend Navy Blue T-Shirt,"₹1,999",88% off,₹229,4
VeBNoR,Men Solid Polo Neck Polyester Maroon T-Shirt,₹999,76% off,₹239,3.8
THE DRY STATE,Men Solid Round Neck Pure Cotton Light Green T-Shirt,"₹1,299",76% off,₹299,3.9
EyeBogler,Eyebogler Loose fit Hooded Mens T-shirt Men Printed Hooded Neck Cotton Blend Black T-Shirt,"₹1,299",81% off,₹239,4.2
Austivo,Men Self Design Round Neck Polyester Maroon T-Shirt,"₹1,499",82% off,₹258,4.1
TRIPR,Men Solid Mandarin Collar Cotton Blend Multicolor T-Shirt,"₹1,999",86% off,₹279,3.8
ADIDAS,Men Printed Round Neck Pure Cotton Black T-Shirt,"₹1,299",50% off,₹649,3.8
LUX cozi,Pack of 2 Men Solid Polo Neck Cotton Blend Multicolor T-Shirt,₹790,24% off,₹599,4.1
Red Tape,Men Solid Polo Neck Poly Cotton Purple T-Shirt,"₹3,399",80% off,₹679,4.2
FTX,Pack of 4 Men Solid Round Neck Polyester Multicolor T-Shirt,"₹1,499",74% off,₹379,4
AUSK,Men Graphic Print Round Neck Cotton Blend Grey T-Shirt,"₹1,499",84% off,₹239,3.7
Austivo,Men Printed Polo Neck Cotton Blend Multicolor T-Shirt,"₹1,799",79% off,₹369,4.2
XYXX,Nova IntelliEaze Cotton Solid Men Pink Polo Neck Men Solid Polo Neck Pure Cotton Pink T-Shirt,₹699,21% off,₹549,3.8
WROGN,Men Solid Polo Neck Pure Cotton Dark Green T-Shirt,"₹1,199",58% off,₹499,4.1
BEING HUMAN,Men Solid Crew Neck Cotton Blend Green T-Shirt,₹799,63% off,₹295,4.1
AUSK,Men Solid Mandarin Collar Cotton Blend Yellow T-Shirt,"₹1,499",84% off,₹239,3.9
AUSK,Men Solid Mandarin Collar Cotton Blend Yellow T-Shirt,"₹1,499",82% off,₹269,3.8
THE BEAR HOUSE,Men Solid Polo Neck Pure Cotton Blue T-Shirt,"₹2,495",72% off,₹698,4.2
WROGN,Men Solid Round Neck Cotton Blend Light Blue T-Shirt,₹799,30% off,₹559,4.2
Red Tape,Men Solid Round Neck Polyester Black T-Shirt,"₹2,599",80% off,₹519,4.4
Stelino,Pack of 2 Men Printed Round Neck Pure Cotton Multicolor T-Shirt,"₹1,199",68% off,₹373,3.7
We Perfect,Men Printed Polo Neck Cotton Blend Black T-Shirt,"₹1,299",78% off,₹279,3.9
Roadster,Men Solid Henley Neck Pure Cotton Maroon T-Shirt,"₹1,299",78% off,₹273,4.1
U.S. POLO ASSN.,Men Solid Polo Neck Pure Cotton Blue T-Shirt,"₹1,699",64% off,₹599,4.3
Jump Cuts,"Men Typography Round Neck Cotton Blend Black, White T-Shirt","₹1,399",82% off,₹249,3.7
TRIPR,Men Colorblock V Neck Cotton Blend Green T-Shirt,"₹1,999",88% off,₹229,4
AUSK,"Men Striped Polo Neck Cotton Blend White, Blue T-Shirt","₹1,499",84% off,₹239,3.8
PUMA,Men Solid Polo Neck Cotton Blend Grey T-Shirt,"₹1,299",57% off,₹558,4.1
THE BEAR HOUSE,Men Solid Polo Neck Pure Cotton Maroon T-Shirt,"₹2,599",65% off,₹909,4.1
KAJARU,"Pack of 2 Men Printed Round Neck Polyester Pink, Dark Green T-Shirt","₹1,899",84% off,₹299,3.8
TRIPR,Men Colorblock V Neck Cotton Blend Multicolor T-Shirt,"₹1,999",88% off,₹239,4
Arrow Sport,Men Printed Polo Neck Cotton Blend White T-Shirt,"₹1,499",63% off,₹554,4.6
U.S. POLO ASSN.,Men Solid Polo Neck Pure Cotton Blue T-Shirt,"₹1,699",64% off,₹599,4.5
Louis Philippe Sport,Men Solid Polo Neck Cotton Blend Pink T-Shirt,"₹1,599",47% off,₹847,4.1
PUMA,Mens graphic Tee 25 Men Graphic Print Round Neck Cotton Blend Black T-Shirt,"₹1,499",60% off,₹599,4.1
TRIPR,Men Colorblock V Neck Cotton Blend Green T-Shirt,"₹1,999",88% off,₹239,4
AUSK,Men Self Design Round Neck Polyester Dark Blue T-Shirt,"₹1,499",82% off,₹269,3.7
Try This,Men Solid Hooded Neck Cotton Blend Light Blue T-Shirt,₹999,71% off,₹289,3.8
HIGHLANDER,Men Solid Polo Neck Cotton Blend Black T-Shirt,"₹1,749",76% off,₹419,4.3
AUSK,"Men Colorblock Polo Neck Cotton Blend Red, Black, White T-Shirt","₹1,499",80% off,₹299,3.8
TRIPR,Men Colorblock V Neck Cotton Blend Navy Blue T-Shirt,"₹1,999",88% off,₹229,4
N AND J,Men Solid Henley Neck Poly Cotton Light Green T-Shirt,₹699,60% off,₹279,3.8
Louis Philippe Sport,Men Printed Polo Neck Pure Cotton Navy Blue T-Shirt,"₹1,999",50% off,₹999,3.9
Louis Philippe Jeans,Men Printed Polo Neck Pure Cotton Black T-Shirt,"₹1,699",50% off,₹849,4.3
VeBNoR,Men Checkered Polo Neck Polyester Grey T-Shirt,₹999,76% off,₹239,3.9
ADIDAS,Men Printed Round Neck Pure Cotton Black T-Shirt,"₹1,299",50% off,₹649,3.8
FTX,Pack of 4 Men Solid Round Neck Polyester Multicolor T-Shirt,"₹1,499",74% off,₹379,4
RYTONZ,"Pack of 2 Men Solid Polo Neck Polyester Purple, Brown T-Shirt","₹1,138",60% off,₹449,4
LEWEL,"Men Typography Hooded Neck Cotton Blend White, Black T-Shirt","₹1,999",87% off,₹249,3.9
AUSK,Men Solid Mandarin Collar Cotton Blend Yellow T-Shirt,"₹1,499",84% off,₹239,3.9
AUSK,Men Solid Mandarin Collar Cotton Blend Yellow T-Shirt,"₹1,499",82% off,₹269,3.8
Austivo,Men Striped Polo Neck Cotton Blend Multicolor T-Shirt,"₹1,799",79% off,₹369,3.9
PETER ENGLAND,Men Solid Polo Neck Poly Cotton Maroon T-Shirt,"₹1,099",52% off,₹527,4.2
FTX,Pack of 4 Men Solid Round Neck Polyester Multicolor T-Shirt,"₹1,499",74% off,₹379,4
METRONAUT PLUS,Plus Size Men Solid Polo Neck Cotton Blend Dark Green T-Shirt,"₹1,299",73% off,₹339,3.8
Red Tape,Men Solid Round Neck Polyester Black T-Shirt,"₹2,599",80% off,₹519,4.4
Stelino,Pack of 2 Men Printed Round Neck Pure Cotton Multicolor T-Shirt,"₹1,199",68% off,₹373,3.7
MANIAC,Oversized Men Solid Round Neck Pure Cotton Blue T-Shirt,"₹1,999",79% off,₹409,3.8
AUSK,Men Solid Mandarin Collar Cotton Blend Navy Blue T-Shirt,"₹1,499",84% off,₹239,3.9
TRIPR,Men Colorblock V Neck Cotton Blend Green T-Shirt,"₹1,999",88% off,₹229,4
AUSK,"Men Striped Polo Neck Cotton Blend White, Blue T-Shirt","₹1,499",84% off,₹239,3.8
KILLER,Men Colorblock Polo Neck Cotton Blend Dark Green T-Shirt,"₹1,799",73% off,₹479,3.9
PUMA,Teams CR Heather Tee Men Solid Round Neck Polyester Red T-Shirt,"₹1,499",65% off,₹519,4.2
PUMA,Men Solid Polo Neck Cotton Blend White T-Shirt,"₹1,299",57% off,₹558,4.1
AJOLLI,Men Solid Polo Neck Polyester Dark Green T-Shirt,₹999,76% off,₹235,3.7
ADIDAS,Men Solid Polo Neck Cotton Blend Blue T-Shirt,"₹1,499",13% off,"₹1,299",4
AUSK,Men Printed Round Neck Cotton Blend Black T-Shirt,"₹1,499",84% off,₹239,3.5
Stellers,Men Solid Polo Neck Polyester Dark Green T-Shirt,"₹1,999",66% off,₹665,4.1
DyrectDeals,Men Colorblock Polo Neck Poly Cotton Orange T-Shirt,"₹1,299",78% off,₹279,4
TRIPR,Men Colorblock V Neck Cotton Blend Multicolor T-Shirt,"₹1,999",88% off,₹239,4
TRIPR,Men Colorblock V Neck Cotton Blend Green T-Shirt,"₹1,999",88% off,₹239,4
CAMPUS SUTRA,Men Self Design Polo Neck Poly Cotton Pink T-Shirt,"₹1,499",72% off,₹419,4
LUX cozi,Pack of 2 Men Solid Polo Neck Cotton Blend Multicolor T-Shirt,₹790,22% off,₹609,4.1
FTX,Pack of 4 Men Solid Round Neck Polyester Multicolor T-Shirt,"₹1,499",74% off,₹379,4
Red Tape,Men Solid Polo Neck Poly Cotton Purple T-Shirt,"₹3,399",80% off,₹679,4.2
AUSK,"Men Colorblock Polo Neck Cotton Blend Red, Black, White T-Shirt","₹1,499",80% off,₹299,3.8
AUSK,Men Solid Mandarin Collar Cotton Blend Blue T-Shirt,"₹1,499",84% off,₹239,3.9
Magneto,Men Printed Round Neck Pure Cotton White T-Shirt,₹999,63% off,₹369,4
METRONAUT,Solid Men Polo Neck Cotton Blend Dark Green T-Shirt,"₹1,499",78% off,₹329,3.7
TRIPR,Men Colorblock V Neck Cotton Blend Navy Blue T-Shirt,"₹1,999",88% off,₹239,4
TRIPR,Men Solid Mandarin Collar Cotton Blend Multicolor T-Shirt,"₹1,999",86% off,₹279,3.8
Leotude,Men Printed Round Neck Cotton Blend Purple T-Shirt,"₹1,099",76% off,₹259,4
Red Tape,"Men Printed, Graphic Print Round Neck Nylon Blue T-Shirt","₹2,399",80% off,₹479,4.1
Dollar,Men Solid Polo Neck Cotton Blend Pink T-Shirt,₹649,44% off,₹357,4
METRONAUT By Flipkart,Striped Men Polo Neck Poly Cotton Blue T-Shirt,"₹1,999",86% off,₹269,3.8
ADIDAS,Men Printed Round Neck Pure Cotton Black T-Shirt,"₹1,299",50% off,₹649,3.8
FTX,Pack of 4 Men Solid Round Neck Polyester Multicolor T-Shirt,"₹1,499",74% off,₹379,4
BUKKL,Men Printed Round Neck Pure Cotton White T-Shirt,"₹1,999",86% off,₹279,4
U.S. POLO ASSN.,Men Solid Polo Neck Pure Cotton Light Blue T-Shirt,"₹1,699",64% off,₹599,4.5
AUSK,Men Graphic Print Round Neck Cotton Blend Grey T-Shirt,"₹1,499",84% off,₹239,3.7
AUSK,Men Solid Mandarin Collar Cotton Blend Yellow T-Shirt,"₹1,499",84% off,₹239,3.9
CAMPUS SUTRA,Men Graphic Print Polo Neck Polyester Multicolor T-Shirt,₹999,65% off,₹349,4.1
KILLER,Men Colorblock Polo Neck Cotton Blend Dark Blue T-Shirt,"₹1,799",73% off,₹479,4
Louis Philippe Sport,Men Printed Polo Neck Pure Cotton White T-Shirt,"₹1,999",50% off,₹999,3.9
PUMA,Teams CR Heather Tee Men Solid Round Neck Polyester Blue T-Shirt,"₹1,999",65% off,₹699,4.2
AUSK,Men Solid Mandarin Collar Cotton Blend Yellow T-Shirt,"₹1,499",82% off,₹269,3.8
Stelino,Pack of 2 Men Printed Round Neck Pure Cotton Multicolor T-Shirt,"₹1,199",68% off,₹373,3.7
UNICUS APPAREL,Men Solid High Neck Wool Blend White T-Shirt,₹999,72% off,₹279,4
Manlino,Men Printed Round Neck Cotton Blend Black T-Shirt,"₹1,099",75% off,₹269,4
TRIPR,Men Colorblock V Neck Cotton Blend Green T-Shirt,"₹1,999",88% off,₹229,4
AUSK,"Men Striped Polo Neck Cotton Blend White, Blue T-Shirt","₹1,499",84% off,₹239,3.8
Magneto,Men Colorblock Round Neck Pure Cotton Grey T-Shirt,"₹1,399",73% off,₹369,3.9
BEING HUMAN,Men Printed Crew Neck Cotton Blend Yellow T-Shirt,₹899,66% off,₹299,4.1
Jump Cuts,Men Printed Round Neck Cotton Blend Beige T-Shirt,"₹1,199",80% off,₹239,4
Stellers,Men Solid Polo Neck Polyester Dark Green T-Shirt,"₹1,999",66% off,₹665,4.1
BUKKL,Men Printed Round Neck Pure Cotton White T-Shirt,"₹1,999",86% off,₹279,4
London Hills,"Pack of 3 Men Solid Round Neck Cotton Blend Dark Blue, Dark Green, Black T-Shirt","₹3,897",87% off,₹499,4
Arrow Sport,Men Self Design Polo Neck Cotton Blend Brown T-Shirt,"₹1,599",63% off,₹591,4.1
PETER ENGLAND,Men Solid Polo Neck Poly Cotton Navy Blue T-Shirt,₹999,52% off,₹479,3.8
KAJARU,"Pack of 2 Men Printed Round Neck Polyester Pink, Dark Green T-Shirt","₹1,899",84% off,₹299,3.8
TRIPR,Men Colorblock V Neck Cotton Blend Multicolor T-Shirt,"₹1,999",88% off,₹239,4
TOMMY HILFIGER,Men Solid Round Neck Cotton Blend Pink T-Shirt,"₹2,799",45% off,"₹1,539",4.3
NB NICKY BOY,Men Printed Hooded Neck Cotton Blend Red T-Shirt,₹666,70% off,₹199,3.9
MAX,Men Solid Round Neck Poly Cotton Green T-Shirt,N/A,N/A,₹199,4.1
Jump Cuts,"Men Printed Round Neck Cotton Blend Black, Yellow, Blue T-Shirt","₹1,399",83% off,₹229,4
TRIPR,Men Colorblock V Neck Cotton Blend Green T-Shirt,"₹1,999",88% off,₹239,4
AUSK,Men Self Design Round Neck Polyester Dark Blue T-Shirt,"₹1,499",82% off,₹269,3.7
TRIPR,Men Solid Henley Neck Cotton Blend Green T-Shirt,"₹1,999",86% off,₹279,3.9
KILLER,Men Colorblock Polo Neck Cotton Blend Dark Blue T-Shirt,"₹1,799",73% off,₹479,4
AUSK,"Men Colorblock Polo Neck Cotton Blend Red, Black, White T-Shirt","₹1,499",80% off,₹299,3.8
TRIPR,Men Colorblock V Neck Cotton Blend Navy Blue T-Shirt,"₹1,999",88% off,₹229,4
Austivo,Men Checkered Polo Neck Cotton Blend Multicolor T-Shirt,"₹1,830",79% off,₹369,4.2
METRONAUT By Flipkart,Striped Men Polo Neck Poly Cotton Blue T-Shirt,"₹1,999",86% off,₹269,3.8
VeBNoR,Men Printed Polo Neck Polyester Pink T-Shirt,₹999,76% off,₹239,3.8
METRONAUT,Solid Men Polo Neck Cotton Blend Dark Green T-Shirt,"₹1,499",78% off,₹329,3.7
ADIDAS,Men Printed Round Neck Pure Cotton Black T-Shirt,"₹1,299",50% off,₹649,3.8
FTX,Pack of 4 Men Solid Round Neck Polyester Multicolor T-Shirt,"₹1,499",74% off,₹379,4
TECHNOSPORT,"Men Printed Zip Neck Polyester Black, Grey T-Shirt",₹489,19% off,₹392,4
Red Tape,"Men Printed, Graphic Print Round Neck Nylon Blue T-Shirt","₹2,399",80% off,₹479,4.1
AUSK,Men Graphic Print Round Neck Cotton Blend Grey T-Shirt,"₹1,499",84% off,₹239,3.7
AUSK,Men Solid Mandarin Collar Cotton Blend Yellow T-Shirt,"₹1,499",84% off,₹239,3.9
U.S. POLO ASSN.,Men Colorblock Polo Neck Pure Cotton Blue T-Shirt,"₹1,899",60% off,₹749,4.3
VeBNoR,Men Printed Polo Neck Polyester Dark Green T-Shirt,₹999,76% off,₹239,3.9
Arrow Sport,Men Self Design Polo Neck Cotton Blend Brown T-Shirt,"₹1,599",63% off,₹591,4.1
Jump Cuts,"Men Printed, Typography Round Neck Cotton Blend White T-Shirt","₹1,199",80% off,₹239,4
AUSK,Men Solid Mandarin Collar Cotton Blend Yellow T-Shirt,"₹1,499",82% off,₹269,3.8
Red Tape,Men Solid Round Neck Polyester Black T-Shirt,"₹2,599",80% off,₹519,4.4
CAMPUS SUTRA,Men Striped Polo Neck Pure Cotton Grey T-Shirt,"₹1,049",67% off,₹346,3.8
U.S. POLO ASSN.,Men Solid Polo Neck Pure Cotton Orange T-Shirt,"₹1,699",64% off,₹599,3.7
Stelino,Pack of 2 Men Printed Round Neck Pure Cotton Multicolor T-Shirt,"₹1,199",68% off,₹373,3.7
TRIPR,Men Colorblock V Neck Cotton Blend Green T-Shirt,"₹1,999",88% off,₹229,4
XPLUMP,Men Printed Polo Neck Cotton Blend White T-Shirt,"₹1,599",75% off,₹399,4.2
U.S. POLO ASSN.,Men Solid Polo Neck Pure Cotton White T-Shirt,"₹1,699",64% off,₹599,4.5
LOUIS PHILIPPE,Men Colorblock Polo Neck Pure Cotton Navy Blue T-Shirt,"₹2,299",50% off,"₹1,149",4.5
CAMPUS SUTRA,Men Self Design Polo Neck Poly Cotton Pink T-Shirt,"₹1,499",72% off,₹419,4
AUSK,"Men Striped Polo Neck Cotton Blend White, Blue T-Shirt","₹1,499",84% off,₹239,3.8
ADIDAS,Men Solid Polo Neck Cotton Blend Blue T-Shirt,"₹1,499",13% off,"₹1,299",4
LUX cozi,Pack of 2 Men Solid Polo Neck Cotton Blend Multicolor T-Shirt,₹790,22% off,₹609,4.1
PUMA,Teams CR Heather Tee Men Solid Round Neck Polyester Blue T-Shirt,"₹1,999",65% off,₹699,4.2
TRIPR,Men Colorblock V Neck Cotton Blend Multicolor T-Shirt,"₹1,999",88% off,₹239,4
TRIPR,Men Colorblock V Neck Cotton Blend Green T-Shirt,"₹1,999",88% off,₹239,4
VeBNoR,Men Printed Round Neck Polyester Grey T-Shirt,₹999,77% off,₹229,4
PETER ENGLAND,Men Solid Polo Neck Poly Cotton Red T-Shirt,₹999,52% off,₹479,3.9
PUMA,Mens FF Graphic Tee Men Typography Round Neck Cotton Blend Green T-Shirt,"₹1,499",57% off,₹644,4.3
Jump Cuts,"Men Printed Round Neck Cotton Blend Black, Yellow, Blue T-Shirt","₹1,399",83% off,₹229,4
AUSK,"Men Colorblock Polo Neck Cotton Blend Red, Black, White T-Shirt","₹1,499",80% off,₹299,3.8
AUSK,Men Solid Mandarin Collar Cotton Blend Blue T-Shirt,"₹1,499",84% off,₹239,3.9
PUMA,Men Solid Crew Neck Cotton Blend Red T-Shirt,"₹1,099",56% off,₹479,4
U.S. POLO ASSN.,Men Solid Polo Neck Pure Cotton Green T-Shirt,"₹1,699",64% off,₹599,4
TRIPR,Men Colorblock V Neck Cotton Blend Navy Blue T-Shirt,"₹1,999",88% off,₹239,4
TRIPR,Men Solid Mandarin Collar Cotton Blend Multicolor T-Shirt,"₹1,999",86% off,₹279,3.8
PETER ENGLAND,Men Solid Polo Neck Poly Cotton White T-Shirt,₹999,52% off,₹479,4.2
EyeBogler,Men Printed Round Neck Polyester Black T-Shirt,"₹1,299",80% off,₹249,3.8
KILLER,Men Printed Polo Neck Cotton Blend Light Blue T-Shirt,"₹1,799",73% off,₹479,4.1
FTX,Pack of 4 Men Solid Round Neck Polyester Multicolor T-Shirt,"₹1,499",74% off,₹379,4
ADIDAS,Men Printed Round Neck Pure Cotton Black T-Shirt,"₹1,299",50% off,₹649,3.8
FTX,Pack of 4 Men Solid Round Neck Polyester Multicolor T-Shirt,"₹1,499",74% off,₹379,4
DUCATI,Men Solid Round Neck Cotton Blend White T-Shirt,"₹1,299",64% off,₹459,4.2
Adrenex,Men Printed Round Neck Polyester Black T-Shirt,"₹1,199",68% off,₹379,4.2
AUSK,Men Solid Mandarin Collar Cotton Blend Yellow T-Shirt,"₹1,499",84% off,₹239,3.9
AUSK,Men Solid Mandarin Collar Cotton Blend Yellow T-Shirt,"₹1,499",82% off,₹269,3.8
sti,"Pack of 2 Men Printed Round Neck Polyester Maroon, Dark Green T-Shirt","₹1,999",85% off,₹289,3.9
zenfit,Men Colorblock Hooded Neck Polyester Light Green T-Shirt,₹999,70% off,₹299,4.2
NB NICKY BOY,Men Printed Round Neck Cotton Blend Black T-Shirt,₹666,70% off,₹199,3.9
JOCKEY,2714 Men Solid Round Neck Cotton Blend Purple T-Shirt,N/A,N/A,₹579,4.3
TRIPR,Men Colorblock V Neck Cotton Blend Green T-Shirt,"₹1,999",88% off,₹229,4
Stelino,Pack of 2 Men Printed Round Neck Pure Cotton Multicolor T-Shirt,"₹1,199",68% off,₹373,3.7
FTX,"Pack of 4 Men Solid Round Neck Polyester Light Blue, Red, Blue, Black T-Shirt","₹1,499",74% off,₹379,4
Manlino,Men Typography Round Neck Pure Cotton Black T-Shirt,"₹1,099",75% off,₹269,4
AUSK,"Men Striped Polo Neck Cotton Blend White, Blue T-Shirt","₹1,499",84% off,₹239,3.8
ADIDAS,Men Printed Polo Neck Polyester Black T-Shirt,"₹1,499",50% off,₹749,3.5
Diversify,Men Striped Round Neck Pure Cotton Yellow T-Shirt,"₹1,499",81% off,₹271,4
RYTONZ,"Pack of 2 Men Solid Polo Neck Polyester Purple, Brown T-Shirt","₹1,138",59% off,₹458,4
PETER ENGLAND,Men Solid Polo Neck Poly Cotton Blue T-Shirt,₹999,52% off,₹479,4.2
TOMMY HILFIGER,Men Solid Polo Neck Organic Cotton Red T-Shirt,"₹4,599",45% off,"₹2,529",No Rating
BUKKL,Men Printed Round Neck Pure Cotton White T-Shirt,"₹1,999",86% off,₹279,4
London Hills,"Pack of 3 Men Solid Round Neck Cotton Blend Dark Blue, Dark Green, Black T-Shirt","₹3,897",87% off,₹499,4
Arrow Sport,Men Striped Polo Neck Cotton Blend Blue T-Shirt,"₹1,599",63% off,₹591,4.3
Reya,Men Solid Mandarin Collar Cotton Blend Maroon T-Shirt,"₹1,499",84% off,₹234,3.8
KAJARU,"Pack of 2 Men Printed Round Neck Polyester Pink, Dark Green T-Shirt","₹1,899",84% off,₹299,3.8
TRIPR,Men Colorblock V Neck Cotton Blend Multicolor T-Shirt,"₹1,999",88% off,₹239,4
Pepe Jeans,"Men Printed, Typography Round Neck Pure Cotton White T-Shirt","₹1,199",50% off,₹599,4.1
LOUIS PHILIPPE,Golf Leisure Men Solid Polo Neck Pure Cotton Blue T-Shirt,"₹1,899",50% off,₹949,4
PUMA,Men Solid Crew Neck Cotton Blend Red T-Shirt,"₹1,099",56% off,₹479,4
Alan Jones,Men Striped Mandarin Collar Cotton Blend Black T-Shirt,"₹1,199",63% off,₹439,4.1
TRIPR,Men Colorblock V Neck Cotton Blend Green T-Shirt,"₹1,999",88% off,₹239,4
AUSK,Men Self Design Round Neck Polyester Dark Blue T-Shirt,"₹1,499",82% off,₹269,3.7
THE BEAR HOUSE,Men Solid Polo Neck Pure Cotton Orange T-Shirt,"₹1,995",65% off,₹698,4
VeBNoR,Men Printed Round Neck Polyester Grey T-Shirt,₹999,77% off,₹229,4
AUSK,"Men Colorblock Polo Neck Cotton Blend Red, Black, White T-Shirt","₹1,499",80% off,₹299,3.8
TRIPR,Men Colorblock V Neck Cotton Blend Navy Blue T-Shirt,"₹1,999",88% off,₹229,4
Allen Solly,Men Self Design Polo Neck Cotton Blend Green T-Shirt,"₹1,099",57% off,₹470,4
LOUIS PHILIPPE,Men Striped Polo Neck Pure Cotton Dark Blue T-Shirt,"₹1,999",50% off,₹999,4.4
FTX,Pack of 4 Men Solid Round Neck Polyester Multicolor T-Shirt,"₹1,499",74% off,₹379,4
PETER ENGLAND,Men Solid Polo Neck Poly Cotton Yellow T-Shirt,"₹1,099",52% off,₹527,4.2
TRIPR,Men Solid Mandarin Collar Cotton Blend Multicolor T-Shirt,"₹1,999",86% off,₹279,3.8
ADIDAS,Men Printed Round Neck Pure Cotton Black T-Shirt,"₹1,299",50% off,₹649,3.8
Adrenex,Men Printed Round Neck Polyester Black T-Shirt,"₹1,199",68% off,₹379,4.2
U.S. POLO ASSN.,Men Solid Polo Neck Pure Cotton Light Blue T-Shirt,"₹1,499",60% off,₹599,4.2
FTX,Pack of 4 Men Solid Round Neck Polyester Multicolor T-Shirt,"₹1,499",74% off,₹379,4
AUSK,Men Graphic Print Round Neck Cotton Blend Grey T-Shirt,"₹1,499",84% off,₹239,3.7
MANIAC,Men Self Design Polo Neck Poly Cotton Green T-Shirt,"₹1,999",79% off,₹419,4
U.S. Polo Assn. Denim Co.,Men Solid Polo Neck Pure Cotton White T-Shirt,"₹1,799",58% off,₹749,4.6
NB NICKY BOY,Men Printed Round Neck Cotton Blend Yellow T-Shirt,₹666,70% off,₹199,4
INKKR,Men Solid Polo Neck Cotton Blend Multicolor T-Shirt,₹999,76% off,₹239,3.8
AUSK,Men Solid Mandarin Collar Cotton Blend Yellow T-Shirt,"₹1,499",84% off,₹239,3.9
AUSK,Men Solid Mandarin Collar Cotton Blend Yellow T-Shirt,"₹1,499",82% off,₹269,3.8
FTX,Pack of 4 Men Solid Round Neck Polyester Multicolor T-Shirt,"₹1,499",74% off,₹379,4
KILLER,Men Colorblock Polo Neck Cotton Blend Navy Blue T-Shirt,"₹1,799",73% off,₹479,4.2
Red Tape,Men Solid Round Neck Polyester Black T-Shirt,"₹2,599",80% off,₹519,4.4
Stelino,Pack of 2 Men Printed Round Neck Pure Cotton Multicolor T-Shirt,"₹1,199",68% off,₹373,3.7
TOMMY HILFIGER,Men Solid Polo Neck Organic Cotton Red T-Shirt,"₹4,599",45% off,"₹2,529",No Rating
WROGN,Men Solid Round Neck Cotton Blend Black T-Shirt,₹699,51% off,₹339,4.1
Louis Philippe Sport,Men Solid Polo Neck Pure Cotton Navy Blue T-Shirt,"₹1,499",50% off,₹749,4.2
CAMPUS SUTRA,Men Solid Polo Neck Polyester Green T-Shirt,"₹1,199",68% off,₹383,4
TRIPR,Men Colorblock V Neck Cotton Blend Green T-Shirt,"₹1,999",88% off,₹229,4
ADIDAS,Men Solid Polo Neck Cotton Blend Blue T-Shirt,"₹1,499",13% off,"₹1,299",4
U.S. POLO ASSN.,Men Colorblock Polo Neck Pure Cotton White T-Shirt,"₹1,799",58% off,₹749,4
TOMMY HILFIGER,Men Solid Polo Neck Cotton Blend Blue T-Shirt,"₹2,599",30% off,"₹1,799",3.9
KAJARU,"Pack of 2 Men Printed Round Neck Polyester Pink, Dark Green T-Shirt","₹1,899",84% off,₹299,3.8
TRIPR,Men Colorblock V Neck Cotton Blend Multicolor T-Shirt,"₹1,999",88% off,₹239,4
Stockton,Oversized Men Printed Round Neck Poly Cotton Blue T-Shirt,"₹1,199",75% off,₹289,3.7
U.S. POLO ASSN.,Men Solid Polo Neck Pure Cotton Maroon T-Shirt,"₹1,499",60% off,₹599,4.2
LEWEL,"Men Typography Hooded Neck Cotton Blend Red, Black T-Shirt","₹1,999",87% off,₹249,3.9
Triptee,Men Solid Round Neck Pure Cotton Brown T-Shirt,"₹1,599",85% off,₹225,4
TRIPR,Men Colorblock V Neck Cotton Blend Green T-Shirt,"₹1,999",88% off,₹239,4
AUSK,Men Self Design Round Neck Polyester Dark Blue T-Shirt,"₹1,499",82% off,₹269,3.7
BEWAKOOF,Men Printed Round Neck Pure Cotton Black T-Shirt,"₹1,299",72% off,₹351,4.1
FTX,"Pack of 4 Men Solid Round Neck Polyester Light Blue, Red, Blue, Black T-Shirt","₹1,499",74% off,₹379,4
AUSK,"Men Colorblock Polo Neck Cotton Blend Red, Black, White T-Shirt","₹1,499",80% off,₹299,3.8
TRIPR,Men Colorblock V Neck Cotton Blend Navy Blue T-Shirt,"₹1,999",88% off,₹229,4
M7 By Metronaut,Men Printed Polo Neck Pure Cotton Dark Blue T-Shirt,"₹1,299",75% off,₹319,3.8
Try This,Men Checkered Hooded Neck Cotton Blend Green T-Shirt,₹999,71% off,₹289,3.7
sti,Pack of 2 Men Printed Round Neck Polyester Multicolor T-Shirt,"₹1,999",85% off,₹289,3.9
RARHANPREMIUM,Men Printed Polo Neck Cotton Blend Black T-Shirt,"₹1,499",76% off,₹349,3.9
TRIPR,Men Solid Mandarin Collar Cotton Blend Multicolor T-Shirt,"₹1,999",86% off,₹279,3.8
ADIDAS,Men Printed Round Neck Pure Cotton Black T-Shirt,"₹1,299",50% off,₹649,3.8
Arrow Sport,Men Self Design Polo Neck Cotton Blend White T-Shirt,"₹1,599",63% off,₹591,4.3
Allen Solly,Men Solid Polo Neck Cotton Blend Orange T-Shirt,"₹1,099",60% off,₹439,4.1
FTX,Pack of 4 Men Solid Round Neck Polyester Multicolor T-Shirt,"₹1,499",74% off,₹379,4
AUSK,Men Graphic Print Round Neck Cotton Blend Grey T-Shirt,"₹1,499",84% off,₹239,3.7
ADIDAS,Men Printed Polo Neck Polyester Blue T-Shirt,"₹1,499",50% off,₹749,4.1
Red Tape,Men Graphic Print Round Neck Pure Cotton Green T-Shirt,"₹1,899",80% off,₹379,4.1
Reya,Pack of 2 Men Striped Round Neck Cotton Blend Multicolor T-Shirt,"₹1,999",80% off,₹384,3.9
Leotude,No Men Printed Round Neck Cotton Blend Maroon T-Shirt,"₹1,099",76% off,₹259,3.9
ADIDAS,IN SMU 3S PL Men Striped Polo Neck Pure Cotton Blue T-Shirt,"₹1,799",44% off,₹999,4.1
AUSK,Men Solid Mandarin Collar Cotton Blend Yellow T-Shirt,"₹1,499",84% off,₹239,3.9
PETER ENGLAND,Men Solid Polo Neck Poly Cotton Navy Blue T-Shirt,₹999,52% off,₹479,3.8
LEVI'S,Men Solid Crew Neck Pure Cotton Blue T-Shirt,"₹1,699",58% off,₹699,4.1
AUSK,Men Solid Mandarin Collar Cotton Blend Yellow T-Shirt,"₹1,499",82% off,₹269,3.8
Red Tape,Men Solid Round Neck Polyester Black T-Shirt,"₹2,599",80% off,₹519,4.4
PETER ENGLAND,Men Striped Polo Neck Cotton Blend Dark Green T-Shirt,"₹1,599",60% off,₹639,4
Smartees,Men Typography Round Neck Cotton Blend Black T-Shirt,"₹1,599",93% off,₹99,3.7
BEING HUMAN,Men Solid Polo Neck Cotton Blend Dark Green T-Shirt,"₹1,499",74% off,₹389,4.1
Arrow Sport,Men Printed Polo Neck Cotton Blend Blue T-Shirt,"₹1,499",63% off,₹554,4.3
Stelino,Pack of 2 Men Printed Round Neck Pure Cotton Multicolor T-Shirt,"₹1,199",68% off,₹373,3.7
TRIPR,Men Colorblock V Neck Cotton Blend Green T-Shirt,"₹1,999",88% off,₹229,4
Austivo,Men Checkered Polo Neck Cotton Blend Multicolor T-Shirt,"₹1,799",79% off,₹369,4.2
DUCATI,Men Solid Round Neck Cotton Blend White T-Shirt,"₹1,299",64% off,₹459,4.2
KAJARU,"Pack of 2 Men Printed Round Neck Polyester Pink, Dark Green T-Shirt","₹1,899",84% off,₹299,3.8
TRIPR,Men Colorblock V Neck Cotton Blend Multicolor T-Shirt,"₹1,999",88% off,₹239,4
3BROS,Men Solid Polo Neck Cotton Blend (220 gsm) Green T-Shirt,₹999,71% off,₹289,4.1
3BROS,Men Solid Polo Neck Cotton Blend Red T-Shirt,₹999,70% off,₹299,4.1
sti,Men Printed Round Neck Polyester Multicolor T-Shirt,₹999,83% off,₹169,3.9
PETER ENGLAND,Men Solid Polo Neck Poly Cotton Green T-Shirt,"₹1,899",58% off,₹797,4.1
TRIPR,Men Colorblock V Neck Cotton Blend Green T-Shirt,"₹1,999",88% off,₹239,4
AUSK,"Men Colorblock Polo Neck Cotton Blend Red, Black, White T-Shirt","₹1,499",80% off,₹299,3.8
Roadster,Men Solid Polo Neck Cotton Blend Dark Green T-Shirt,"₹1,299",66% off,₹439,3.5
We Perfect,"Pack of 2 Men Printed Polo Neck Cotton Blend Green, Grey T-Shirt","₹1,999",76% off,₹469,3.9
AUSK,Men Solid Mandarin Collar Cotton Blend Blue T-Shirt,"₹1,499",84% off,₹239,3.9
TRIPR,Men Colorblock V Neck Cotton Blend Navy Blue T-Shirt,"₹1,999",88% off,₹239,4
Pepe Jeans,"Men Printed, Typography Round Neck Pure Cotton White T-Shirt","₹1,199",50% off,₹599,4.1
BEING HUMAN,Men Printed Crew Neck Cotton Blend Light Green T-Shirt,₹899,59% off,₹368,4.3
Arrow Sport,Men Printed Polo Neck Cotton Blend Blue T-Shirt,"₹1,499",63% off,₹554,4.3
PROWL By Tiger Shroff,Men Printed Round Neck Cotton Blend Black T-Shirt,"₹1,299",74% off,₹329,4
ADIDAS,Men Printed Round Neck Pure Cotton Black T-Shirt,"₹1,299",50% off,₹649,3.8
FTX,Pack of 4 Men Solid Round Neck Polyester Multicolor T-Shirt,"₹1,499",74% off,₹379,4
U.S. POLO ASSN.,Men Solid Polo Neck Pure Cotton Yellow T-Shirt,"₹1,699",64% off,₹599,4.6
Louis Philippe Jeans,Men Colorblock Polo Neck Pure Cotton Light Blue T-Shirt,"₹1,999",50% off,₹999,4.1
AUSK,Men Graphic Print Round Neck Cotton Blend Grey T-Shirt,"₹1,499",84% off,₹239,3.7
AUSK,Men Solid Mandarin Collar Cotton Blend Yellow T-Shirt,"₹1,499",84% off,₹239,3.9
LOUIS PHILIPPE,Active - Knit Men Graphic Print Round Neck Pure Cotton Black T-Shirt,"₹1,049",24% off,₹787,4.3
PUMA,Men Solid Polo Neck Cotton Blend Grey T-Shirt,"₹1,299",57% off,₹558,4.1
THE BEAR HOUSE,Men Solid Polo Neck Pure Cotton Pink T-Shirt,"₹1,995",72% off,₹558,4.1
PUMA,Ms Ess Men Solid Polo Neck Pure Cotton Pink T-Shirt,"₹1,699",65% off,₹589,4.2
AUSK,Men Solid Mandarin Collar Cotton Blend Yellow T-Shirt,"₹1,499",82% off,₹269,3.8
Stelino,Pack of 2 Men Printed Round Neck Pure Cotton Multicolor T-Shirt,"₹1,199",68% off,₹373,3.7
UNIBERRY,Men Printed Polo Neck Cotton Blend Blue T-Shirt,"₹1,499",74% off,₹389,4.1
United Colors of Benetton,Men Solid Polo Neck Cotton Blend Dark Green T-Shirt,"₹1,999",63% off,₹739,4.3
TRIPR,Men Colorblock V Neck Cotton Blend Green T-Shirt,"₹1,999",88% off,₹229,4
AUSK,"Men Striped Polo Neck Cotton Blend White, Blue T-Shirt","₹1,499",84% off,₹239,3.8
LUX cozi,Men Solid Polo Neck Cotton Blend Red T-Shirt,₹395,13% off,₹341,4.1
FTX,Pack of 4 Men Solid Round Neck Polyester Multicolor T-Shirt,"₹1,499",74% off,₹379,4
XYXX,Nova IntelliEaze Cotton Solid Men White Polo Neck Men Solid Polo Neck Pure Cotton White T-Shirt,₹749,26% off,₹549,3.8
REEBOK,Men Solid Polo Neck Pure Cotton Black T-Shirt,"₹1,499",55% off,₹674,3.7
BUKKL,Men Printed Round Neck Pure Cotton White T-Shirt,"₹1,999",86% off,₹279,4
London Hills,"Pack of 3 Men Solid Round Neck Cotton Blend Dark Blue, Dark Green, Black T-Shirt","₹3,897",87% off,₹499,4
3BROS,Men Striped Polo Neck Cotton Blend (180 gsm) Dark Green T-Shirt,₹999,70% off,₹299,4
DUCATI,Men Printed Polo Neck Pure Cotton Black T-Shirt,"₹2,299",70% off,₹689,4
KAJARU,"Pack of 2 Men Printed Round Neck Polyester Pink, Dark Green T-Shirt","₹1,899",84% off,₹299,3.8
TRIPR,Men Colorblock V Neck Cotton Blend Multicolor T-Shirt,"₹1,999",88% off,₹239,4
AJOLLI,Men Solid Round Neck Cotton Blend Green T-Shirt,₹999,76% off,₹239,3.6
FTX,Pack of 4 Men Solid Round Neck Polyester Multicolor T-Shirt,"₹1,499",74% off,₹379,4
AUSK,Men Solid Mandarin Collar Cotton Blend Yellow T-Shirt,"₹1,499",82% off,₹269,3.8
Dollar,Men Solid Polo Neck Cotton Blend Pink T-Shirt,₹649,44% off,₹357,4
TRIPR,Men Colorblock V Neck Cotton Blend Green T-Shirt,"₹1,999",88% off,₹239,4
AUSK,Men Self Design Round Neck Polyester Dark Blue T-Shirt,"₹1,499",82% off,₹269,3.7
United Colors of Benetton,Men Printed Polo Neck Pure Cotton Yellow T-Shirt,"₹2,299",67% off,₹758,3.7
XYXX,Nova IntelliEaze Cotton Solid Men White Polo Neck Men Solid Polo Neck Pure Cotton White T-Shirt,₹749,26% off,₹549,3.8
AUSK,"Men Colorblock Polo Neck Cotton Blend Red, Black, White T-Shirt","₹1,499",80% off,₹299,3.8
TRIPR,Men Colorblock V Neck Cotton Blend Navy Blue T-Shirt,"₹1,999",88% off,₹229,4
mh trend,Men Printed Round Neck Polyester White T-Shirt,₹799,75% off,₹193,4.2
WROGN,Men Colorblock Polo Neck Pure Cotton Multicolor T-Shirt,"₹1,399",10% off,"₹1,259",4.3
ADIDAS,Men Sporty Polo Neck Polyester Black T-Shirt,"₹1,499",45% off,₹824,4.1
LUX cozi,Men Solid Polo Neck Cotton Blend Grey T-Shirt,₹395,13% off,₹341,4.1
ADIDAS,Men Printed Round Neck Pure Cotton Black T-Shirt,"₹1,299",50% off,₹649,3.8
FTX,Pack of 4 Men Solid Round Neck Polyester Multicolor T-Shirt,"₹1,499",74% off,₹379,4
PARA HILLS,Pack of 2 Men Printed Round Neck Polyester Multicolor T-Shirt,₹999,74% off,₹259,4
U.S. POLO ASSN.,Men Solid Polo Neck Cotton Blend Black T-Shirt,"₹1,499",60% off,₹599,4.1
AUSK,Men Graphic Print Round Neck Cotton Blend Grey T-Shirt,"₹1,499",84% off,₹239,3.7
AUSK,Men Solid Mandarin Collar Cotton Blend Yellow T-Shirt,"₹1,499",84% off,₹239,3.9
SM SHAYAM CREATION,Pack of 4 Men Printed Round Neck Polyester Multicolor T-Shirt,"₹1,599",76% off,₹379,4
ADIDAS,IN SMU 3S PL Men Striped Polo Neck Pure Cotton Black T-Shirt,"₹1,799",50% off,₹899,3.8
Jump Cuts,Men Printed Polo Neck Cotton Blend Maroon T-Shirt,"₹1,999",83% off,₹339,3.7
Louis Philippe Jeans,Men Colorblock Polo Neck Pure Cotton Light Blue T-Shirt,"₹1,999",50% off,₹999,4.1
AUSK,Men Solid Mandarin Collar Cotton Blend Yellow T-Shirt,"₹1,499",82% off,₹269,3.8
Red Tape,Men Solid Round Neck Polyester Black T-Shirt,"₹2,599",80% off,₹519,4.4
LOUIS PHILIPPE,Active - Knit Men Graphic Print Round Neck Pure Cotton Black T-Shirt,"₹1,049",24% off,₹787,4.3
dhaari by unique creation,Men Colorblock Round Neck Polyester Light Green T-Shirt,"₹1,499",80% off,₹299,4.1
Stelino,Pack of 2 Men Printed Round Neck Pure Cotton Multicolor T-Shirt,"₹1,199",68% off,₹373,3.7
TRIPR,Men Colorblock V Neck Cotton Blend Green T-Shirt,"₹1,999",88% off,₹229,4
HERE&NOW,Men Printed Round Neck Pure Cotton Dark Green T-Shirt,₹799,5% off,₹752,4.1
3BROS,Men Striped Polo Neck Cotton Blend (180 gsm) Dark Green T-Shirt,₹999,70% off,₹299,4
DUCATI,Men Printed Polo Neck Pure Cotton Black T-Shirt,"₹2,299",70% off,₹689,4
WAMMY,Pack of 2 Men Colorblock Polo Neck Pure Cotton Multicolor T-Shirt,₹899,63% off,₹327,4.3
AUSK,"Men Striped Polo Neck Cotton Blend White, Blue T-Shirt","₹1,499",84% off,₹239,3.8
ADIDAS,Men Solid Polo Neck Cotton Blend Blue T-Shirt,"₹1,499",13% off,"₹1,299",4
United Colors of Benetton,Men Colorblock Polo Neck Pure Cotton Grey T-Shirt,"₹2,799",67% off,₹923,4.5
Leotude,Men Solid Round Neck Cotton Blend Grey T-Shirt,"₹1,099",76% off,₹259,3.8
KAJARU,"Pack of 2 Men Printed Round Neck Polyester Pink, Dark Green T-Shirt","₹1,899",84% off,₹299,3.8
TRIPR,Men Colorblock V Neck Cotton Blend Multicolor T-Shirt,"₹1,999",88% off,₹239,4
KAJARU,"Pack of 2 Men Printed Round Neck Polyester Black, Yellow T-Shirt",N/A,N/A,N/A,No Rating
Menkovy,Men Solid V Neck Cotton Blend Black T-Shirt,₹999,74% off,₹255,3.9
N AND J,Men Solid Polo Neck Poly Cotton White T-Shirt,₹799,65% off,₹279,4
Leotude,Men Printed Round Neck Cotton Blend Black T-Shirt,"₹1,099",76% off,₹259,3.9
TRIPR,Men Colorblock V Neck Cotton Blend Green T-Shirt,"₹1,999",88% off,₹239,4
AUSK,"Men Colorblock Polo Neck Cotton Blend Red, Black, White T-Shirt","₹1,499",80% off,₹299,3.8
SUPERSQUAD,Men Solid Round Neck Pure Cotton Dark Blue T-Shirt,"₹1,999",85% off,₹289,4.2
METRONAUT,"Pack of 2 Solid Men Round Neck Polyester Black, White T-Shirt","₹1,799",86% off,₹239,3.5
AUSK,Men Solid Mandarin Collar Cotton Blend Blue T-Shirt,"₹1,499",84% off,₹239,3.9
TRIPR,Men Colorblock V Neck Cotton Blend Navy Blue T-Shirt,"₹1,999",88% off,₹239,4
LOUIS PHILIPPE,Men Solid Polo Neck Cotton Blend White T-Shirt,"₹1,999",50% off,₹999,3.9
LUX cozi,Men Solid Polo Neck Cotton Blend Grey T-Shirt,₹395,13% off,₹341,4.1
Kyk,Pack of 2 Men Solid Round Neck Polyester Black T-Shirt,₹999,59% off,₹409,3.9
dhaari by unique creation,Men Colorblock Round Neck Polyester Green T-Shirt,"₹1,499",80% off,₹299,4.1
TRIPR,Men Solid Mandarin Collar Cotton Blend Multicolor T-Shirt,"₹1,999",86% off,₹279,3.8
ADIDAS,Men Printed Round Neck Pure Cotton Black T-Shirt,"₹1,299",50% off,₹649,3.8
SUPERSQUAD,Men Solid Round Neck Pure Cotton Black T-Shirt,"₹1,999",85% off,₹289,4.2
Raymond,Men Printed Polo Neck Pure Cotton Beige T-Shirt,"₹1,999",63% off,₹739,4.1
FTX,Pack of 4 Men Solid Round Neck Polyester Multicolor T-Shirt,"₹1,499",74% off,₹379,4
AUSK,Men Graphic Print Round Neck Cotton Blend Grey T-Shirt,"₹1,499",84% off,₹239,3.7
PETER ENGLAND,Men Solid Polo Neck Poly Cotton Yellow T-Shirt,"₹1,099",52% off,₹527,4.6
TECHNOSPORT,Men Solid Round Neck Polyester Blue T-Shirt,₹299,N/A,₹298,4.2
PUMA,Men Printed Crew Neck Cotton Blend White T-Shirt,"₹1,799",57% off,₹773,4.7
ARROW,Men Solid Polo Neck Cotton Blend (230 gsm) White T-Shirt,"₹1,299",61% off,₹499,4.5
AUSK,Men Solid Mandarin Collar Cotton Blend Yellow T-Shirt,"₹1,499",84% off,₹239,3.9
AUSK,Men Solid Mandarin Collar Cotton Blend Yellow T-Shirt,"₹1,499",82% off,₹269,3.8
CAMPUS SUTRA,Men Solid Round Neck Polyester Multicolor T-Shirt,₹999,66% off,₹339,4.1
dhaari by unique creation,Men Colorblock Round Neck Polyester Light Green T-Shirt,"₹1,499",80% off,₹299,4.1
Stelino,Pack of 2 Men Printed Round Neck Pure Cotton Multicolor T-Shirt,"₹1,199",68% off,₹373,3.7
TRIPR,Men Colorblock V Neck Cotton Blend Green T-Shirt,"₹1,999",88% off,₹229,4
INKKR,Men Solid Polo Neck Cotton Blend Black T-Shirt,₹659,63% off,₹239,3.8
BAB,Men Solid Polo Neck Cotton Blend Grey T-Shirt,"₹1,299",74% off,₹330,4
AJOLLI,Men Solid Round Neck Cotton Blend Green T-Shirt,₹999,76% off,₹239,3.6
HIGHLANDER,Popcorn Structured Men Solid Polo Neck Cotton Blend White T-Shirt,"₹1,349",76% off,₹323,4.2
AUSK,"Men Striped Polo Neck Cotton Blend White, Blue T-Shirt","₹1,499",84% off,₹239,3.8
BUKKL,Men Printed Round Neck Pure Cotton White T-Shirt,"₹1,999",86% off,₹279,4
Magneto,"Men Printed, Typography, Colorblock Cowl Neck Pure Cotton White T-Shirt","₹1,299",76% off,₹299,3.9
BEING HUMAN,Men Solid Polo Neck Cotton Blend Dark Green T-Shirt,"₹1,499",74% off,₹389,4.1
KAJARU,"Pack of 2 Men Printed Round Neck Polyester Pink, Dark Green T-Shirt","₹1,899",84% off,₹299,3.8
TRIPR,Men Colorblock V Neck Cotton Blend Multicolor T-Shirt,"₹1,999",88% off,₹239,4
BEWAKOOF,Oversized Men Printed Round Neck Pure Cotton Purple T-Shirt,"₹1,199",60% off,₹469,4.7
THE BEAR HOUSE,Men Graphic Print Round Neck Pure Cotton Black T-Shirt,"₹1,999",65% off,₹699,4.3
PUMA,Mens graphic Tee 22 Men Graphic Print Round Neck Cotton Blend Green T-Shirt,"₹1,299",55% off,₹579,4.1
N AND J,Men Solid Henley Neck Poly Cotton Grey T-Shirt,₹699,60% off,₹279,3.8
TRIPR,Men Colorblock V Neck Cotton Blend Green T-Shirt,"₹1,999",88% off,₹239,4
AUSK,Men Self Design Round Neck Polyester Dark Blue T-Shirt,"₹1,499",82% off,₹269,3.7
sti,Pack of 2 Men Printed Round Neck Polyester Multicolor T-Shirt,"₹1,999",85% off,₹289,3.9
sti,"Pack of 2 Men Printed Round Neck Polyester Maroon, Dark Green T-Shirt","₹1,999",85% off,₹289,3.9
AUSK,"Men Colorblock Polo Neck Cotton Blend Red, Black, White T-Shirt","₹1,499",80% off,₹299,3.8
TRIPR,Men Colorblock V Neck Cotton Blend Navy Blue T-Shirt,"₹1,999",88% off,₹229,4
FastColors,"Men Colorblock Round Neck Cotton Blend Black, Grey T-Shirt","₹1,999",88% off,₹239,3.9
WROGN,Men Solid Polo Neck Pure Cotton Light Blue T-Shirt,"₹1,199",58% off,₹499,4.1
Try This,"Pack of 2 Men Printed Hooded Neck Cotton Blend Red, White T-Shirt",₹999,56% off,₹439,3.9
U.S. POLO ASSN.,Men Solid Polo Neck Pure Cotton Green T-Shirt,"₹1,499",60% off,₹599,4.2
TRIPR,Men Solid Mandarin Collar Cotton Blend Multicolor T-Shirt,"₹1,999",86% off,₹279,3.8
ADIDAS,Men Printed Round Neck Pure Cotton Black T-Shirt,"₹1,299",50% off,₹649,3.8
N AND J,Men Solid Polo Neck Poly Cotton White T-Shirt,₹799,65% off,₹279,4
PUMA,ESS Pique Men Solid Polo Neck Cotton Blend Black T-Shirt,"₹1,999",57% off,₹859,4
FTX,Pack of 4 Men Solid Round Neck Polyester Multicolor T-Shirt,"₹1,499",74% off,₹379,4
AUSK,Men Graphic Print Round Neck Cotton Blend Grey T-Shirt,"₹1,499",84% off,₹239,3.7
U.S. Polo Assn. Denim Co.,Men Typography Round Neck Pure Cotton Green T-Shirt,₹999,48% off,₹519,4.3
PETER ENGLAND,Men Striped Polo Neck Pure Cotton Black T-Shirt,"₹1,399",49% off,₹713,4.2
HIGHLANDER,Popcorn Structured Men Solid Henley Neck Cotton Blend Grey T-Shirt,"₹1,549",75% off,₹387,4.1
BEING HUMAN,Men Printed Crew Neck Cotton Blend Purple T-Shirt,₹799,63% off,₹295,4.3
AUSK,Men Solid Mandarin Collar Cotton Blend Yellow T-Shirt,"₹1,499",84% off,₹239,3.9
AUSK,Men Solid Mandarin Collar Cotton Blend Yellow T-Shirt,"₹1,499",82% off,₹269,3.8
WROGN,Men Solid Polo Neck Cotton Blend Pink T-Shirt,"₹1,199",58% off,₹499,4.1
KILLER,Men Printed Polo Neck Cotton Blend Light Blue T-Shirt,"₹1,799",73% off,₹479,No Rating
Red Tape,Men Solid Round Neck Polyester Black T-Shirt,"₹2,599",80% off,₹519,4.4
TRIPR,Men Colorblock V Neck Cotton Blend Green T-Shirt,"₹1,999",88% off,₹229,4
RDS ENTERPRISES,RDS ENTERPRISES Men Colorblock Mandarin Collar Cotton Blend Multicolor T-Shirt,₹399,30% off,₹279,3.9
E-MAX,Men Colorblock Crew Neck Polyester Green T-Shirt,"₹1,299",72% off,₹359,4
Veirdo,Oversize Men Typography Round Neck Pure Cotton Dark Blue T-Shirt,"₹1,199",72% off,₹332,4
Kryptic,Men Printed Polo Neck Pure Cotton White T-Shirt,"₹1,499",69% off,₹450,4.1
AUSK,"Men Striped Polo Neck Cotton Blend White, Blue T-Shirt","₹1,499",84% off,₹239,3.8
ADIDAS,Men Solid Polo Neck Cotton Blend Blue T-Shirt,"₹1,499",13% off,"₹1,299",4
PETER ENGLAND,Men Printed Crew Neck Poly Cotton Orange T-Shirt,₹699,57% off,₹299,4
U.S. POLO ASSN.,Men Solid Polo Neck Pure Cotton Green T-Shirt,"₹1,699",64% off,₹599,4
KAJARU,"Pack of 2 Men Printed Round Neck Polyester Pink, Dark Green T-Shirt","₹1,899",84% off,₹299,3.8
TRIPR,Men Colorblock V Neck Cotton Blend Multicolor T-Shirt,"₹1,999",88% off,₹239,4
VeBNoR,Men Solid Polo Neck Polyester Pink T-Shirt,₹999,76% off,₹239,3.8
WROGN,Men Solid Polo Neck Cotton Blend Dark Green T-Shirt,"₹1,199",58% off,₹499,4.1
EyeBogler,"T410 Men Printed Hooded Neck Cotton Blend Black, Grey T-Shirt","₹1,299",78% off,₹279,4
Magpy,Men Printed Round Neck Polyester Light Green T-Shirt,₹599,66% off,₹199,3.6
TRIPR,Men Colorblock V Neck Cotton Blend Green T-Shirt,"₹1,999",88% off,₹239,4
AUSK,Men Self Design Round Neck Polyester Dark Blue T-Shirt,"₹1,499",82% off,₹269,3.7
Arrow Sport,Men Printed Polo Neck Cotton Blend Blue T-Shirt,"₹1,499",63% off,₹554,4.4
LUX cozi,Men Solid Polo Neck Cotton Blend White T-Shirt,₹395,13% off,₹341,4.1
AUSK,"Men Colorblock Polo Neck Cotton Blend Red, Black, White T-Shirt","₹1,499",80% off,₹299,3.8
TRIPR,Men Colorblock V Neck Cotton Blend Navy Blue T-Shirt,"₹1,999",88% off,₹229,4
AUSK,Men Solid Mandarin Collar Cotton Blend Blue T-Shirt,"₹1,499",84% off,₹239,3.9
CANTABIL,Men Solid Polo Neck Pure Cotton Black T-Shirt,"₹1,499",74% off,₹375,3.9
Arrow Sport,Men Solid Polo Neck Cotton Blend Black T-Shirt,"₹1,099",20% off,₹879,4.2
TRIPR,Men Typography Round Neck Cotton Blend Green T-Shirt,"₹1,999",89% off,₹219,3.9
ADIDAS,Men Printed Round Neck Pure Cotton Black T-Shirt,"₹1,299",50% off,₹649,3.8
FTX,Pack of 4 Men Solid Round Neck Polyester Multicolor T-Shirt,"₹1,499",74% off,₹379,4
Arrow Sport,Men Solid Polo Neck Cotton Blend Orange T-Shirt,"₹1,099",56% off,₹479,4
BAB,Men Solid Polo Neck Cotton Blend Purple T-Shirt,"₹1,299",73% off,₹339,4
AUSK,Men Graphic Print Round Neck Cotton Blend Grey T-Shirt,"₹1,499",84% off,₹239,3.7
AUSK,Men Solid Mandarin Collar Cotton Blend Yellow T-Shirt,"₹1,499",84% off,₹239,3.9
Lux Nitro,Men Solid Polo Neck Pure Cotton Blue T-Shirt,₹351,29% off,₹249,3.9
Autna,"Men Printed, Typography Round Neck Cotton Blend Grey T-Shirt","₹1,299",81% off,₹240,3.8
VIMAL,Men Printed V Neck Cotton Blend Dark Blue T-Shirt,₹999,80% off,₹199,3.9
Wrangler,Men Striped Polo Neck Pure Cotton Blue T-Shirt,"₹1,699",60% off,₹679,4.2
AUSK,Men Solid Mandarin Collar Cotton Blend Yellow T-Shirt,"₹1,499",82% off,₹269,3.8
Stelino,Pack of 2 Men Printed Round Neck Pure Cotton Multicolor T-Shirt,"₹1,199",68% off,₹373,3.7
SUPERSQUAD,Men Solid Round Neck Pure Cotton Black T-Shirt,"₹1,999",85% off,₹289,4.2
BEING HUMAN,Men Solid Polo Neck Pure Cotton Black T-Shirt,"₹1,699",63% off,₹628,4.4
Red Tape,Men Solid Round Neck Polyester Black T-Shirt,"₹2,599",80% off,₹519,4.4
TRIPR,Men Colorblock V Neck Cotton Blend Green T-Shirt,"₹1,999",88% off,₹229,4
TOMMY HILFIGER,Men Graphic Print Polo Neck Organic Cotton Blue T-Shirt,"₹2,999",36% off,"₹1,899",3.8
FOREVER 21,Men Solid Round Neck Cotton Blend Green T-Shirt,₹999,65% off,₹349,4.8
U.S. POLO ASSN.,Men Solid Polo Neck Pure Cotton Blue T-Shirt,"₹1,499",60% off,₹599,4.4
KAJARU,"Men Printed Round Neck Polyester Green, Black T-Shirt","₹1,399",89% off,₹149,3.9
AUSK,"Men Striped Polo Neck Cotton Blend White, Blue T-Shirt","₹1,499",84% off,₹239,3.8
ADIDAS,Men Solid Polo Neck Cotton Blend Blue T-Shirt,"₹1,499",13% off,"₹1,299",4
Allen Solly,Men Colorblock Polo Neck Pure Cotton Multicolor T-Shirt,"₹1,399",60% off,₹559,4.4
BLIVE,"Pack of 2 Men Striped Round Neck Cotton Blend Navy Blue, Maroon T-Shirt","₹1,999",83% off,₹339,3.9
